"招聘单位","招聘岗位","薪资区间","工作地点","工作经验","学历要求","岗位属性","类别","发布时间","职位诱惑","职位描述","工作地址","爬取时间"
"GeexFinanceAI Lab","大数据挖掘/人工智能/神经...","80k-100k","上海 ","经验5-10年","博士及以上","全职","大数据 | 互联网金融","14:01  ","大牛云集,五险一金,公司团建","大数据挖掘/人工智能/神经网络算法科学家主要负责横跨即科内部所有业务线的模型算法的风险管理工作，需要和有机会全面了解互联网金融行业数据和业务模型及其使用的场景，包括但不限于深度规则，黑盒计划，反欺诈，场景探针等。  工作职责： 1. 负责领导和建设即科AI实验室，构建AI实验室技术基础架构。并且驱动AI项目包括：深度规则，黑盒计划，反欺诈，场景探针等；","上海-杨浦区-淞沪路619号中航天盛大厦1701室","2018-08-13 14:18:41"
"广宇科技开发部","人工智能及数据分析工程师","6k-12k","佛山 ","经验不限","本科及以上","全职","大数据 | 算法 | 数据挖掘 | 数据分析","09:09  ","年终奖,项目奖励,双休,发展空间大","岗位工作内容：","佛山-南海区-瀚天科技城A8楼504室","2018-08-13 14:18:44"
"字节跳动","高级产品经理-图片、人工智能","25k-45k","北京 ","经验3-5年","本科及以上","全职","产品设计 | 产品策划","2018-08-07  ","六险一金，弹性工作，免费三餐，扁平管理，职业大牛，团队氛围好",,"北京市-海淀区-双榆树-北京市海淀区北三环西路43号中航广场","2018-08-13 14:18:47"
"蛋壳物联","人工智能","12k-24k","深圳 ","经验1-3年","本科及以上","全职","人工智能 | 深度学习 | 算法","3天前  ","扁平管理,五险一金,出国旅游,户外活动多","熟练使用python，熟练 C/C++ 更佳","深圳-南山区-前海-南新路阳光科创中心A座713","2018-08-13 14:18:50"
"梅斯医学AI部门","人工智能","15k-20k","上海 ","经验1-3年","本科及以上","全职","人工智能 | 图像处理 | 医疗健康 | 大数据","11:49  ","人工智能,医疗项目","1 熟悉采用tensorflow解决实际问题，包括图像识别，文本识别。2 熟悉tensorflow相关接口，能够与java程序员对接。3 了解tensorflow需要的训练集，指导相关人员进行数据集的整理4 精通python语言，熟悉java语言5 对医疗项目有经验的优先","上海-徐汇区-宜山路425号光启城商务办公楼三层","2018-08-13 14:18:53"
"乐视","(高级)语音识别工程师-人...","15k-30k","北京 ","经验3-5年","本科及以上","全职","机器学习 | 语音识别 | 算法","3天前  ","人工智能方向，算法，语音识别","职位描述：","北京-朝阳区-朝阳公园-北京市朝阳区姚家园路105号乐视大厦✉","2018-08-13 14:18:56"
"捷通华声产品支持中心","人工智能训练师","7k-10k","北京 ","经验不限","本科及以上","全职","编辑","11:57  ","人工智能,半年调薪,项目奖金,五险一金","职位描述：","北京-海淀区-中关村软件园2A楼2101","2018-08-13 14:19:00"
"眸事网AI","人工智能训练师","6k-10k","上海 ","经验不限","学历不限","全职","企业服务 | 大数据","09:17  ","人工智能,智能营销,互联网","1.参与电销机器人知识库、对话库及语音库的建设与完善；2.负责知识的优化和运营工作，包括知识下线、修改及新增；3.负责构建和优化交互机器人知识库4.整理知识库内容，使公司产品更生动实用并贴合业务需求；5.了解机器人产品运作的逻辑，参与部分的逻辑建设工作。我们希望您：1、熟悉call center业务，对人工智能项目有一定的兴趣和热情2、有良好的语言文字处理能力和逻辑思维能力、能针对不同项目制定相应话术3、积极主动思考机器人知识库的内容（修改、新增）4、有客服话术培训相关工作经验","上海-虹口区-和平公园-四平路198号轻工国际大厦3楼","2018-08-13 14:19:03"
"尚德机构人工智能部","人工智能","30k-55k","北京 ","经验3-5年","本科及以上","全职","算法 | 数据挖掘","10:59  ","大空间,15薪,弹性打卡","岗位职责：","北京-朝阳区-来广营-朝来科技产业园创远路36号院5号楼一层","2018-08-13 14:19:09"
"竹间智能科技(上海)有限公司","人工智能训练师","10k-20k","上海 ","经验1-3年","本科及以上","全职","电商 | 媒体 | 运营","10:12  ","发展前景 新设职位 人工智能领域","1.负责机器人知识库、对话库及语音库的建设与完善；2.负责知识的优化和运营工作，包括知识下线、修改及新增；3.负责构建和优化垂直领域的交互机器人知识库。4.整理知识库内容，使公司产品更生动实用；5.了解机器人产品运作的逻辑，参与部分的逻辑建设工作。","上海-徐汇区-田林-宜山路700号B2幢20层","2018-08-13 14:19:13"
"成都聚思力信息技术有限公司ITO","AI人工智能","10k-20k","成都 ","经验1-3年","本科及以上","全职","算法 | 数据挖掘","3天前  ","转正机会,财富500"," ","成都-高新区-华阳-天府软件园A7","2018-08-13 14:19:16"
"苏宁易购人工智能研发中心","数据分析工程师-人工智能方向","15k-30k","北京 ","经验1-3年","本科及以上","全职","MySQL | 数据挖掘","09:10  ","500强,五险一金,能力提升快,团队氛围好","岗位描述：","北京-朝阳区-望京-望京东路8号锐创国际A座11层","2018-08-13 14:19:19"
"杰普科技","人工智能","12k-24k","南宁 ","经验3-5年","学历不限","全职","大数据 | 人工智能 | 机器学习 | 深度学习 | 数据挖掘","10:24  ","人工智能,机器学习,深度学习,文本识别","岗位职责：","南宁-青秀区-民族大道东段德瑞大厦9楼","2018-08-13 14:19:24"
"广东亿迅亿迅科技","人工智能工程师","15k-20k","广州 ","经验3-5年","学历不限","全职","人工智能","08:29  ","大数据平台,千万级用户","1. 研究机器学习、深度学习等领域的前沿技术并结合业务场景解决实际问题；2. 通过对数据的敏锐洞察，深入挖掘产品潜在价值和需求，进而提供更有价值的产品和服务；3. 通过技术创新推动产品成长，使技术成为项目组发展的核心驱动力；4. 负责算法在产品中的落地。","广州-天河区-天河区龙怡路117号银汇大厦27楼（华师地铁E出口）","2018-08-13 14:19:27"
"证通股份","人工智能训练师","15k-30k","上海 ","经验1-3年","本科及以上","全职","金融 | 数据分析","2018-08-07  ","公司氛围好","职责范围：    ","上海-浦东新区-金桥-新金桥路27号","2018-08-13 14:19:32"
"GeexFinanceAI Lab","大数据挖掘/人工智能/神经...","20k-40k","上海 ","经验1-3年","硕士及以上","全职","大数据 | 金融 | 数据挖掘","14:01  ","团建,大牛云集","工作职责： 1. 利用大数据挖掘与人工智能方法，从事信贷风控欺诈分析、信用风险分析等工作；","上海-杨浦区-淞沪路619号中航天盛大厦1701室","2018-08-13 14:19:48"
"GeexFinanceAI Lab","大数据挖掘/人工智能/神经...","20k-40k","上海 ","经验1-3年","硕士及以上","全职","大数据 | 金融 | 数据挖掘","14:01  ","团建,大牛云集","工作职责： 1. 利用大数据挖掘与人工智能方法，从事信贷风控欺诈分析、信用风险分析等工作；","上海-杨浦区-淞沪路619号中航天盛大厦1701室","2018-08-13 14:19:50"
"捷通华声产品支持中心","人工智能训练师","5k-8k","成都 ","经验不限","本科及以上","全职","编辑","11:51  ","人工智能,半年调薪,项目奖金,五险一金","职位描述：","成都-高新区-四川省成都市高新区天府大道中段530号东方希望天祥广场A座910室","2018-08-13 14:19:53"
"竹间智能科技(上海)有限公司","人工智能训练师","10k-20k","深圳 ","经验不限","本科及以上","全职","电商 | 金融 | 运营","10:12  ","人工智能,朝阳行业,团队优秀","职位描述：","深圳-南山区-深圳湾-深圳南山区高新南十道深圳湾科技生态园10栋A座1011室","2018-08-13 14:19:57"
"思迪股份人工智能研发部","Spark开发工程师-人工智能...","10k-20k","深圳 ","经验1-3年","本科及以上","全职","Spark","09:42  ","六险一金,弹性上班","工作职责：","深圳-南山区-深圳湾科技生态园9栋B4座14楼","2018-08-13 14:20:01"
"便利蜂技术研发","项目经理-人工智能方向","15k-25k","上海 ","经验3-5年","本科及以上","全职","项目管理","3天前  ","人工智能,福利多多,弹性工作,上升空间","岗位职责","上海-闵行区-申昆路1500号申虹国际大厦北楼7层717","2018-08-13 14:20:07"
"星舆科技","人工智能研究员","30k-60k","广州 ","经验不限","博士及以上","全职","大数据 | 地图 | 人工智能 | 深度学习 | 图像处理 | 算法","09:26  ","扁平化,行业前景佳,高速成长,科研氛围","岗位职责:","广州-天河区-员村-平云路广电科技大厦301自编5号","2018-08-13 14:20:12"
"郑州蓝之海集团","人工智能开发","4k-8k","郑州 ","经验1-3年","学历不限","全职","电商 | 人工智能","10:50  ","五险一金,旅游,美女多","岗位职责：","郑州-惠济区-河南省郑州市郑花路59号二十一世界广场4号楼","2018-08-13 14:20:18"
"云徙科技基础技术部","人工智能研究员","20k-30k","广州 ","经验3-5年","博士及以上","全职","人工智能 | 机器学习 | 深度学习 | 算法","3天前  ","快速发展,福利健全,周末双休,A轮融资","岗位职责：","广州-黄埔区-鱼珠-大沙地西鱼珠智谷创业园A102栋（锦田花园旁）地铁鱼珠站C出口","2018-08-13 14:20:21"
"追一科技","人工智能训练师","6k-12k","北京 ","经验1-3年","本科及以上","全职","金融 | 内容","3天前  ","人工智能,机器人训练","1.负责智能客服机器人知识库的设计与构建；2.负责智能客服机器人标注数据的优化；3.负责行业数据的积累及公司内部研发所需的数据支持。岗位要求：1.有知识库维护经验或客服经验，金融领域背景优先；2.汉语言文学/语言学及应用语言学，对语言文字处理有浓厚兴趣；3.具有良好的学习能力、沟通表达能力、理解能力和逻辑思维能力；4.接受出差安排；5.大学英语六级以上，会小语种者优先。","北京-朝阳区-双井-乐成中心A座","2018-08-13 14:20:24"
"搜狗桌面事业部","智能对话-算法研究员","20k-40k","杭州 ","经验1-3年","硕士及以上","全职","人工智能 | 机器学习 | 深度学习 | 算法","08:58  ","前沿技术方向、技术氛围浓厚","【项目介绍】","杭州-下沙-下沙-下沙科技城","2018-08-13 14:20:29"
"翼辉信息","人工智能系统工程师","15k-30k","北京 ","经验1-3年","本科及以上","全职","人工智能 | 架构师","3天前  ","超长年假,绩效奖金,节日福利,五险一金","岗位职责1. 参与设计与开发人工智产品，推进产品的实施和落地2. 负责人工智能平台系统底层技术以及周边技术的应用和研发3. 负责使用特定应用场景的深度学习模型进行嵌入式产品的开发和测试4. 参与 SylixOS 平台上深度学习应用方案设计任职资格1. 深度学习或计算机相关专业，本科以上学历，2 年以上工作经验2. 精通C/C++，熟悉常见数据结构和算法3. 有Linux、SylixOS系统或其他嵌入式系统开发经验者优先4. 有OpenCV、音视频相关应用经验者优先5. 熟悉相关深度学习框架如Tensorflow、Caffe等优先","北京-海淀区-翠湖科技园云中心12号楼","2018-08-13 14:20:32"
"网易人工智能事业部","智能硬件产品经理-人工智能","25k-40k","杭州 ","经验5-10年","本科及以上","全职","智能硬件 | 产品设计 | 智能硬件","3天前  ","行业前沿,创新产品,技术挑战大,发展空间大","岗位描述：","杭州-滨江区-长河-秋溢路606号","2018-08-13 14:20:35"
"尚德机构研发","人工智能","20k-40k","北京 ","经验5-10年","硕士及以上","全职","PHP | 算法","2018-08-08  ","弹性工时","工作职责","北京-朝阳区-望京-北京市朝阳区来广营中街甲1号创远路36号院4-6号楼","2018-08-13 14:20:42"
"苏宁易购人工智能研发中心","数据产品经理-人工智能方向","15k-30k","北京 ","经验1-3年","本科及以上","全职","数据分析 | 产品设计","09:10  ","500强,五险一金,晋升空间大,能力提升快","岗位描述：","北京-朝阳区-望京-望京东路8号锐创国际A座11层","2018-08-13 14:20:49"
"郑州蓝之海集团研发部","人工智能研发员","4k-8k","郑州 ","经验不限","学历不限","全职","旅游 | 人工智能","10:50  ","五险一金,旅游多多,美女多多,发展空间大","人工智能已经走进我们的生活，越来越多的工作都将被人工智能替代！未来50年将是人工智能的天下，来得有些突然，以至于目前国内大学还没有开设人工智能专业，这既是挑战，又是机遇。所有企业，几乎都想把握人工智能这个淘金的新“风口”，与如此火爆行业相对应的却是人才的严重匮乏，一名入门级的AI工程师月薪轻松就可以拿到15K，中、高级工程师，企业更是给出30万到150万的年薪；","郑州-二七区-大学路-河南省郑州市二七区","2018-08-13 14:21:08"
"搜狗搜索事业部","智能对话-算法研究员","20k-40k","北京 ","经验3-5年","本科及以上","全职","工具软件 | 算法","08:58  ","探索最前沿技术，技术积淀深厚","【项目介绍】 ","北京-海淀区-五道口-中关村东路一号院清华科技园搜狐网络大厦","2018-08-13 14:21:13"
"追一科技数据质量组","人工智能训练师 (MJ000063)","6k-12k","上海 ","经验不限","本科及以上","全职","金融 | 数据分析","3天前  ","AI风口,试用期全薪,成长空间,大牛分享","1.负责智能客服机器人知识库的设计与构建；2.负责智能客服机器人标注数据的优化；3.负责行业数据的积累及公司内部研发所需的数据支持。岗位要求：1.有知识库维护经验或客服经验，金融领域背景优先；2.汉语言文学/语言学及应用语言学，对语言文字处理有浓厚兴趣；2.具有良好的学习能力、沟通表达能力、理解能力和逻辑思维能力；5.接受出差安排；6.大学英语六级以上，会小语种者优先。","上海-长宁区-东方维京大厦","2018-08-13 14:21:17"
"网易人工智能事业部","资深/高级 iOS 开发工程师...","20k-40k","杭州 ","经验3-5年","本科及以上","全职","移动端 | Android | IOS","3天前  ","行业前沿,技术领先,空间大,年底奖金",,"杭州-滨江区-长河-秋溢路606号","2018-08-13 14:21:20"
"信用生活","人工智能与数据系统架构师","20k-40k","上海 ","经验5-10年","本科及以上","全职","大数据 | 金融 | 架构师","09:00  ","人工智能","【岗位职责】","上海-黄浦区-豫园-外滩金融中心","2018-08-13 14:21:26"
"广州笨笨技术研发","人工智能与机器人视觉算法...","10k-20k","广州 ","经验不限","本科及以上","全职","人工智能 | 计算机视觉 | 图像处理 | 模式识别","12:04  ","人工智能,机器视觉,3维重建,算法研究","岗位职责：","广州-天河区-石牌-龙口东路龙泽商业大厦19楼","2018-08-13 14:21:32"
"饿了么","营销算法专家-机器学习／人...","30k-40k","上海 ","经验3-5年","硕士及以上","全职","机器学习 | 人工智能 | 算法","2018-08-09  ","薪资福利佳,公司平台大,数据量大,核心部门","职位描述：","上海-普陀区-长征-金沙江路1518弄近铁城市广场4楼401室","2018-08-13 14:21:37"
"泰康在线互联网金融实验室","人工智能/机器学习专家","15k-25k","武汉 ","经验3-5年","硕士及以上","全职","金融 | 人工智能 | 机器学习 | 深度学习 | 模式识别","2018-07-25  ","研发氛围好,平台大,福利保障全,年终奖多","工作职责：","武汉-江岸区-竹叶山-建议大道738号淅商大厦36楼（三号线香港路站D出口）","2018-08-13 14:21:40"
"泰和盛创研发部","人工智能&算法经理","20k-40k","北京 ","经验3-5年","硕士及以上","全职","软件开发","2018-08-09  ","深度学习,人工智能","工作职责： ","北京-朝阳区-安慧桥-安定路1号国家奥体中心体育场西看台2层2369","2018-08-13 14:21:43"
"HoloMatic","人工智能工程师","15k-30k","北京 ","经验1年以下","本科及以上","全职","汽车 | 地图 | 人工智能 | 计算机视觉 | 图像处理 | 算法","10:08  ","14薪,福利多,弹性工作,扁平管理","岗位职责：","北京-朝阳区-顺白路12号比目鱼创业园B座301","2018-08-13 14:21:46"
"乐视","语音合成算法工程师 (TTS)...","15k-30k","北京 ","经验3-5年","本科及以上","全职","机器学习 | 语音识别 | 模式识别 | 算法","3天前  ","人工智能方向，算法，语音识别你","职位描述 1. 从事语音合成（TTS）技术文本分析的算法研究与引擎设计开发； 2. 或从事语音合成（TTS）技术信号处理的算法研究与引擎设计开发； 3.按照研究与项目计划，与项目组其他成员协同工作，在保证质量的前提下，完成研究开发任务。","北京-朝阳区-朝阳公园-北京市朝阳区姚家园路105号乐视大厦✉","2018-08-13 14:21:50"
"多益网络多益网络","人工智能及大数据研发工程师","12k-18k","广州 ","经验应届毕业生","本科及以上","全职","大数据 | 算法 | 数据挖掘 | 数据分析","2018-08-09  ","五险一金,公司食堂,电梯公寓","岗位职责：","广州-萝岗区-伴河路90号","2018-08-13 14:21:53"
"APUS Group大数据","大数据产品经理-人工智能","25k-40k","北京 ","经验3-5年","本科及以上","全职","大数据 | 数据","2018-08-06  ","五险一金,补充商业医,餐补房补,大牛云集","1、负责APUS人工智能在金融风控反欺诈，大数据推荐（电商、游戏等方向）以及AI助手等产品落地，包括：图像识别、音频识别、语义理解等技术在工具，服务等场景的结合及产品化；","北京-朝阳区-望京-望京SOHOT3","2018-08-13 14:21:56"
"万为智能产品部","人工智能-产品经理","6k-12k","长沙 ","经验5-10年","本科及以上","全职","项目管理","2018-08-09  ","带薪年假,五险一金,团队活动,期权激励","岗位职责：","长沙-岳麓区-麓谷-麓谷企业广场F1栋16楼","2018-08-13 14:21:59"
"富络斯科技技术部","人工智能工程师","15k-25k","苏州 ","经验3-5年","本科及以上","全职","人工智能 | 深度学习","2018-08-09  ","五险一金,节假日福利,免费早午餐","职位描述：1. 应用Deep Learning技术，针对语音、视频、图像、文本等富媒体数据进行建模分析，为相关产品提供智能化支持，推动业务发展 2. 负责Deep Learning领域前沿算法及框架跟踪，搭建面向企业级应用的大规模Deep Learning计算平台任职要求1. 正直诚信、有责任感、有激情； 2. 模式识别/人工智能/数学/计算机相关专业； 3. 熟悉各种深度神经网络模型，并掌握相关实现及优化方案； 4. 有Deep Learning实战经验，熟悉常用框架并对其中至少一种有深入理解，有多机多卡分布式集群开发部署经验者优先； 5. 具有较强编程能力，熟练使用至少一种脚本语言（python/shell等），有C++开发经验，熟悉linux开发环境，有MPI、CUDA经验更佳； 6. 对计算机视觉、语音识别、自然语言理解、问答系统、高性能计算中的至少一个领域有强烈兴趣； 7. 学习能力强，能独立分析并解决问题。","苏州-工业园区-湖东-苏州大道东333号移动综合大楼","2018-08-13 14:22:03"
"搜狗桌面事业部","智能对话-自然语言处理研究员","20k-40k","北京 ","经验3-5年","硕士及以上","全职","数据挖掘","08:58  ","前沿技术方向、技术氛围浓厚、成长空间大","【项目介绍】使用语音方式 跟手机、可穿戴设备、互联网汽车、智能家居及其他物联网设备 进行对话交互 是目前方兴未艾的一个领域，是搜狗和众多互联网巨头积极布局的AI方向。我们背靠搜狗输入法的海量数据、搜狗搜索的数据服务能力、搜狗语音交互技术中心的语音识别和生成技术，主力发展信息抽取、指代消歧、对话管理、语言生成等NLP技术，务求打造出业界最好的语音对话平台，让合作伙伴和一般用户都能感受到搜狗人工智能的魅力和能力。 【职位诱惑】前沿技术方向、技术氛围浓厚、成长空间巨大。【特别提示】搜狗欢迎专情的你，最多投递两个职位，请谨慎投递。【岗位职责】参与搜狗知音引擎的研发，研究范围包括但不限于下列课题：用户输入的改写、意图分类、专名识别, 指代消歧,对话管理,句子级别的embedding、语义相似度计算，自动问答，聊天机器人，知识挖掘、知识库构建等。","北京-海淀区-五道口-中关村东路一号院清华科技园搜狐网络大厦","2018-08-13 14:22:17"
"追一科技数据部","人工智能训练师","6k-12k","深圳 ","经验不限","本科及以上","全职","教育 | 大数据 | 数据分析","3天前  ","六险一金,试用期全薪,弹性工作,带薪年假","岗位职责：","深圳-南山区-讯美科技广场1号楼10CD","2018-08-13 14:22:20"
"平安科技","人工智能工程开发工程师（...","15k-30k","上海 ","经验不限","本科及以上","全职","人工智能 | 算法","10:23  ","世界50强,带薪年假,节日福利,绩效丰厚",,"上海-浦东新区-东外滩-崂山路316号","2018-08-13 14:22:23"
"顺丰同城科技研发中心","人工智能 / 机器学习算法...","20k-40k","北京 ","经验1-3年","本科及以上","全职","物流 | 算法 | 数据挖掘","2018-08-09  ","互联网背景,工作环境好,七险一金,年轻化团队","工作职责：","北京-海淀区-学清路学清嘉创大厦A座1501","2018-08-13 14:22:27"
"MT科技","人工智能与机器学习工程师","15k-30k","北京 ","经验3-5年","本科及以上","全职","人工智能 | 机器学习","2018-08-06  ","人工智能","工作职责：","北京-朝阳区-富顿中心","2018-08-13 14:22:29"
"银川鲁林芸皓科技研发部","人工智能工程师","6k-7k","银川 ","经验1-3年","本科及以上","全职","硬件制造 | 人工智能 | 算法","2018-08-04  ","氛围好",,"银川-西夏区-朔方路801软件园","2018-08-13 14:22:33"
"顺丰科技有限公司大数据算法与策略部","人工智能与机器学习工程师","20k-40k","北京 ","经验3-5年","硕士及以上","全职","算法 | 数据挖掘 | 数据分析","2018-07-30  ","弹性工作,五险一金,上市公司","工作职责：","北京-海淀区-学院路-嘉创大厦","2018-08-13 14:22:37"
"翼辉信息研发中心","人工智能工程师","15k-20k","北京 ","经验不限","本科及以上","全职","人工智能 | 机器学习 | 深度学习 | 算法","3天前  ","高新技术,军工行业,操作系统,技术型企业","岗位职责：1.负责深度学习算法研究；2.行业场景下深度学习算法设计和调优；3. 负责SylixOS平台上深度学习应用方案设计；","北京-海淀区-翠湖科技园云中心12号楼","2018-08-13 14:22:41"
"星舆科技","人工智能研究员","35k-70k","广州 ","经验1-3年","博士及以上","全职","旅游 | 软件开发","09:26  ","行业前景好","人工智能研究员","广州-天河区-平云路广电科技大厦301自编5号","2018-08-13 14:22:48"
"雅捷新技术产品中心","大数据及人工智能","15k-25k","上海 ","经验3-5年","硕士及以上","全职","数据挖掘","2018-08-02  ","股票期权","职位职责：","上海-闵行区-申虹路683号1号楼601室","2018-08-13 14:22:52"
"泛微研发中心","人工智能开发","20k-40k","上海 ","经验3-5年","本科及以上","全职","大数据 | 人工智能 | 机器学习 | 算法","3天前  ","人工智能,自然语言,深度学习,pytho","职责描述：1、利用相关技术和算法，提供文本分析相关的基础方案与服务； 2、针对海量文本内容进行中文分词、语义识别、自动聚类等文本挖掘工作； 3、负责搭建相关的机器学习 & 大数据计算平台；4、负责数据和业务的紧密集合。任职要求：1、3年以上相关经验，计算机、数学及相关专业本科以上学历，机器学习、自然语言处理、用户画像等算法研究方向优先； 2、了解自然语言处理基础理论和方法，了解中文分词、语义分析、文本聚类、实体识别等基础算法和应用； 3、至少熟练掌握一种编程语言JAVA/python/c/c++，有linux环境开发经验； 4、有Hadoop、spark等分布式平台建模或算法开发经验优先； 5、有深度学习研究与应用经验优先。","上海-闵行区-浦江-联航路1188弄浦江智谷33号楼","2018-08-13 14:22:56"
"智加科技技术部","算法工程师-人工智能/自动...","30k-50k","北京 ","经验3-5年","博士及以上","全职","汽车 | C++","2018-08-02  ","算法,团队牛,博士,成长快","负责基于Deep Learning的感知, 定位, 控制等算法的研究, 原型开发, 验证和迭代","北京-海淀区-中关村软件园一期","2018-08-13 14:22:59"
"沪江智能学习实验室（HILL）","人工智能开发工程师 (MJ00...","25k-50k","上海 ","经验1-3年","本科及以上","全职","人工智能 | 机器学习 | 深度学习 | NLP","3天前  ","免费零食 技术大牛 上市前夜",,"上海-浦东新区-张江-浦东软件园博云路2号浦软大厦6-8楼","2018-08-13 14:23:03"
"华为","人工智能/算法/-工程师","30k-60k","深圳 ","经验不限","本科及以上","全职","人工智能 | 深度学习","2018-08-08  ","有理想,有面包,大牛团,有期权","1、匹配业务场景，使用机器学习、文本挖掘等技术，进行算法建模，对业务数据进行分析、算法设计及验证； ","深圳-龙岗区-天安云谷大厦","2018-08-13 14:23:06"
"柏视医疗研发部","人工智能研发工程师","20k-40k","广州 ","经验1-3年","硕士及以上","全职","大数据 | 人工智能 | 机器学习 | 图像处理 | 模式识别","10:42  ","顶级团队,业界大牛,扁平化管理,高成长","岗位职责：","广州-海珠区-新港西路135号中大科技园B座1111","2018-08-13 14:23:09"
"搜狗","智能对话-高级C++开发工程...","25k-35k","北京 ","经验3-5年","硕士及以上","全职","C++ | Java | 算法","08:58  ","前沿技术方向、技术氛围浓厚、成长空间大","【项目介绍】","北京-海淀区-五道口-中关村东路一号院清华科技园搜狐网络大厦","2018-08-13 14:23:25"
"顺丰同城科技","人工智能/ 机器学习算法工...","20k-40k","北京 ","经验1-3年","本科及以上","全职","数据挖掘 | 算法 | 物流","2018-08-08  ","互联网背景,工作环境好,七险一金,年轻化团队","岗位职责","北京-海淀区-学清路学清嘉创大厦A座1501","2018-08-13 14:23:29"
"沪江","人工智能专家","90k-100k","上海 ","经验5-10年","本科及以上","全职","教育 | 大数据 | 人工智能 | 机器学习 | 深度学习 | NLP","2018-08-09  ","人工智能 弹性办公 上市前夜","工作职责：","上海-浦东新区-张江-浦东软件园博云路2号浦软大厦6-8楼","2018-08-13 14:23:33"
"以太创服fa","行业分析师-人工智能方向","10k-20k","北京 ","经验1-3年","本科及以上","全职","分析师","11:56  ","核心团队,业内精英","职位描述：","北京-朝阳区-大望路-万达广场10号楼2506","2018-08-13 14:23:37"
"智加科技市场传播","公关实习生-人工智能/自动...","3k-4k","北京 ","经验应届毕业生","本科及以上","实习","公关（PR）","2018-08-02  ","资深指导,薪酬优势,提升锻炼,科技前沿","工作职责： ","北京-海淀区-中关村软件园一期","2018-08-13 14:23:40"
"捷通华声广州分公司","人工智能训练师","7k-10k","广州 ","经验不限","本科及以上","全职","编辑","09:48  ","五险一金,绩效奖金,报销津贴,项目奖金","职位描述：","广州-天河区-广东省广州市高唐软件园高普路138号京华信息大楼中座二层","2018-08-13 14:23:43"
"微壳技术研发部","架构师-AI人工智能","40k-60k","北京 ","经验5-10年","本科及以上","全职","架构师","10:36  ","geek,16薪,三餐,弹性工作","岗位职责：","北京-海淀区-北京大学-中关村","2018-08-13 14:23:46"
"亿阳信通","人工智能实习生","4k-6k","北京 ","经验不限","硕士及以上","实习","人工智能 | 机器学习 | 深度学习 | NLP","08:51  ","上市公司,办公环境好,食堂,大平台","职责描述：","北京-海淀区-四季青-杏石口路99号","2018-08-13 14:23:49"
"萨摩耶金服","人工智能研究员","25k-50k","上海 ","经验3-5年","硕士及以上","全职","人工智能 | 机器学习 | 深度学习 | 图像处理","10:16  ","氛围好,弹性工作,六险一金","岗位职责：","上海-浦东新区-沪南路2118号BHC中环中心西21F","2018-08-13 14:23:53"
"饿了么BDI大数据部","资深开发工程师／架构师（人...","20k-40k","上海 ","经验1-3年","本科及以上","全职","大数据 | 软件开发 | Java","2018-08-08  ","人工智能，机器学习领域大神等你一起来玩耍","职责描述：","上海-普陀区-长征-金沙江路1518弄近铁城市广场北座4楼401室","2018-08-13 14:23:56"
"马蜂窝技术研发部","人工智能研发工程师/专家","20k-35k","北京 ","经验3-5年","本科及以上","全职","算法 | 数据挖掘","2018-08-07  ","高并发系统,大数据平台,行业独角兽,极客","岗位职责:岗位职责：1. 基于马蜂窝业务场景，提供人工智能解决方案；2. 自然语言处理，知识图谱，智能问答，图像处理，反作弊，内容审核等领域人工智能算法的建立和实践；3. 搜索，推荐，广告等业务场景中人工智能算法的建立和实践；4. 跟踪人工智能领域最新的研究成果并实践；","北京-朝阳区-恒通国际创新园C9","2018-08-13 14:23:59"
"大讲台教学部","高新求人工智能、数据分析、...","6k-12k","北京 ","经验3-5年","本科及以上","兼职","地图 | 算法 | 数据挖掘 | 数据分析","2018-08-09  ","高新,时间自由,发展空间大","职位描述：","北京-海淀区-花园桥-北京市海淀区车公庄西路甲19号","2018-08-13 14:24:03"
"逸途科技人工智能研究院","人工智能-自然语言处理工...","30k-50k","北京 ","经验3-5年","本科及以上","全职","人工智能 | 机器学习 | 算法","3天前  ","氛围好,帅锅美女多,正能量,老板奈斯","岗位描述：","北京-朝阳区-酒仙桥-酒仙桥路4号宏源大厦19层","2018-08-13 14:24:07"
"竹间智能科技(上海)有限公司","人工智能咨询顾问","20k-30k","上海 ","经验5-10年","本科及以上","全职","需求分析 | 项目管理","10:12  ","高效团队,发展前景大,带薪年假","主要职责：","上海-徐汇区-田林-宜山路700号","2018-08-13 14:24:12"
"竹间智能科技(上海)有限公司","人工智能咨询顾问","20k-30k","上海 ","经验5-10年","本科及以上","全职","需求分析 | 项目管理","10:12  ","高效团队,发展前景大,带薪年假","主要职责：","上海-徐汇区-田林-宜山路700号","2018-08-13 14:24:14"
"沪江智能学习实验室（HILL）","人工智能开发工程师 (MJ00...","25k-50k","北京 ","经验1-3年","本科及以上","全职","人工智能 | 机器学习 | 深度学习","3天前  ","免费零食 技术大牛 上市前夜",,"北京-海淀区-五道口-北京市海淀区五道口东升大厦","2018-08-13 14:24:28"
"智加科技技术部","研发工程师-人工智能/自动...","30k-50k","北京 ","经验3-5年","硕士及以上","全职","汽车 | C++","2018-08-02  ","C++,算法","岗位职责：","北京-海淀区-中关村软件园一期","2018-08-13 14:24:32"
"新东方","教育研究员--人工智能方向","15k-30k","北京 ","经验3-5年","本科及以上","全职","教育","2018-08-06  ","大平台,带薪年假,福利好,五险一金","工作职责：","北京-朝阳区-海淀区中关村大街18号中关村科贸大厦B座10层","2018-08-13 14:24:35"
"猎户星空语音产品","产品经理-人工智能方向","15k-30k","北京 ","经验1-3年","本科及以上","全职","产品设计 | 用户研究 | 需求分析","2018-08-06  ","五险一金 带薪年假 晋升空间 绩效奖金","工作职责：","北京-朝阳区-团结湖-北京市朝阳区工体北路甲二号盈科中心裙房办公楼1-4层","2018-08-13 14:24:38"
"阿里文娱","自然语言处理算法专家-智...","25k-50k","北京 ","经验3-5年","本科及以上","全职","人工智能 | 机器学习 | NLP","2天前  ","阿里平台","1. 寻求对人工智能富有热情和理想，在问答聊天等领域有一定技术基础的行业资深人士，共同构建服务于包括天猫精灵、小优等在内的各种智能聊天场景的对话机器人。","北京-朝阳区-望京-阿里巴巴望京绿地中心","2018-08-13 14:24:42"
"赛诚技术部","人工智能研发工程师","10k-15k","南京 ","经验不限","本科及以上","全职","人工智能 | 机器学习 | 深度学习","3天前  ","新三板公司,扁平化管理,福利待遇佳,扁平化管理","职责描述：1. 从事人工智能术领域的开发，将算法实现并部署到机器人和智能平台上；2. 主要开展以下领域的工作，包括但不局限于深度学习、计算机视觉、图像处理等。任职要求：1、机器学习、智能信息处理、模式识别、数据挖掘等相关专业；大学本科以上学历, 1年以上相关研发经验；2、熟练掌握一门编程语言，包括但不仅限于Java、Scala、Python/R、C/C++；","南京-玄武区-长发科技大厦","2018-08-13 14:24:45"
"正心科技研发部","人工智能工程师","20k-35k","北京 ","经验3-5年","硕士及以上","全职","人工智能 | 机器学习 | 算法","2018-07-18  ","人工智能,机器学习","岗位职责:","北京-西城区-西客站-天莲大厦","2018-08-13 14:24:51"
"网易","资深JAVA开发工程师-人工...","20k-40k","杭州 ","经验3-5年","本科及以上","全职","后端 | 服务器端 | 分布式","3天前  ","网易,人工智能,前沿领域,专业团队","职位描述：","杭州-滨江区-长河-网商路599号","2018-08-13 14:24:57"
"慧闻科技","人工智能研究员","25k-50k","北京 ","经验不限","硕士及以上","全职","信息安全 | 移动互联网 | 人工智能 | 机器学习 | 深度学习 | NLP","3天前  ","人工智能,自然语言,NLP","负责自然语言处理。","北京-西城区-展览路-西直门外大街辛137号宝蓝金融创新中心B厅二层203","2018-08-13 14:25:04"
,,,,,,,,,,,,"2018-08-13 14:25:12"
"7K7K移动平台研发中心","人工智能开发工程师","15k-25k","北京 ","经验不限","硕士及以上","全职","大数据 | 算法 | 数据挖掘 | 数据分析","11:23  ","五险一金","岗位职责：","北京-海淀区-中关村理想国际大厦低区504","2018-08-13 14:25:18"
"7K7K移动平台研发中心","人工智能开发工程师","15k-25k","北京 ","经验不限","硕士及以上","全职","大数据 | 算法 | 数据挖掘 | 数据分析","11:23  ","五险一金","岗位职责：","北京-海淀区-中关村理想国际大厦低区504","2018-08-13 14:25:19"
"壹博云天科技","人工智能助理","5k-9k","郑州 ","经验应届毕业生","大专及以上","全职","人工智能 | 图像处理 | 语音识别 | 语音合成","2天前  ","朝九晚六,周末双休,节日福利,五险一金","岗位职责:1、负责深度学习算法研究、实现和优化，包括但不限于自然语言处理、图像处理与识别等方向。2、负责模型训练与效果评估。3、支持公司相关产品的深度学习模块研发。4、跟踪及研究深度学习和机器学习的前沿技术。","郑州-金水区-农业路-农业路","2018-08-13 14:25:22"
"锦峰硬件开发部","人工智能工程师","15k-30k","广州 ","经验3-5年","本科及以上","全职","智能硬件 | 智能硬件 | 硬件开发","10:23  ","交通便利,周末双休,临近地铁,美女多多","岗位职责：","广州-天河区-珠江新城-珠江新城华夏路8号合景国际金融广场32楼","2018-08-13 14:25:26"
"竹间智能科技(上海)有限公司","人工智能训练师（北京）","10k-20k","北京 ","经验1-3年","本科及以上","全职","电商 | 金融 | 运营","10:12  ","福利全,空间大,发展好,牛人多","1.负责机器人知识库、对话库及语音库的建设与完善；2.负责知识的优化和运营工作，包括知识下线、修改及新增；3.负责构建和优化垂直领域的交互机器人知识库。4.整理知识库内容，使公司产品更生动实用；5.了解机器人产品运作的逻辑，参与部分的逻辑建设工作。","北京-海淀区-五道口-王庄路1号院清华同方科技广场","2018-08-13 14:25:30"
"沪江数据部","人工智能开发工程师","20k-35k","上海 ","经验3-5年","本科及以上","全职","教育 | NLP | 算法 | 数据挖掘","2018-08-09  ","人工智能 上市前夜 弹性办公","岗位职责：","上海-浦东新区-张江-浦东软件园博云路2号浦软大厦6-8楼","2018-08-13 14:25:47"
"富力地产互联网事业部","人工智能研发专家","40k-70k","广州 ","经验5-10年","本科及以上","全职","软件开发 | ERP","11:24  ","靠谱平台,有爱团队,年终奖金,全额公积金","岗位职责：","广州-天河区-珠江新城-珠江新城华夏路10号富力中心35楼","2018-08-13 14:25:50"
"极客邦科技InfoQ编辑部","技术编辑--AI人工智能方向","8k-15k","北京 ","经验不限","本科及以上","全职","记者 | 网站编辑","08:58  ","高效团队,公开透明,六险一金","职位描述：","北京市-海淀区-西客站-洛娃大厦C座6层1607室","2018-08-13 14:25:57"
"网易","资深/高级前端开发工程师-...","20k-40k","杭州 ","经验3-5年","本科及以上","全职","前端开发 | 移动端 | HTML | Javascript","3天前  ","人工智能,网易公司,优秀团队,前沿技术","1、负责或参与各类型项目（Web&Webview、中后台系统、混合应用、运营活动）的前端开发工作，完成系统设计、技术选型、模块开发工作；2、以不断提升质量、效率、体验为目的，封装组件、沉淀文档、生产工具、搭建系统；3、参与新技术（WebAR/WebRTC/Electron应用/数据可视化方向）探索、推进系统架构的演化；4、与团队成员分享经验和新技术，帮助团队成长;5、项目内的跨岗位协调沟通，完成各项工作。","杭州-滨江区-长河-网商路599号","2018-08-13 14:26:01"
"中智","人工智能工程师","7k-14k","深圳 ","经验不限","本科及以上","全职","人工智能","09:58  ","加班补贴,五险一金,年底双薪,不定期活动","工作职责：","深圳-南山区-蛇口-太子路18号海景广场27F","2018-08-13 14:26:05"
"百果科技数据中心","人工智能工程师","15k-30k","深圳 ","经验3-5年","本科及以上","全职","广告营销 | 大数据 | 人工智能 | 机器学习 | 算法","3天前  ","发展好,氛围好,老板暖","工作职责：","深圳市市市-南山区-科技园-高新南环路29号留学生创业大厦二期25层","2018-08-13 14:26:09"
"中化能源科技有限公司科技组","人工智能负责人","20k-40k","北京 ","经验5-10年","本科及以上","全职","人工智能 | 深度学习","2018-07-18  ","充分授权,管理简化,体制创新,目标导向"," 职位描述：","北京-海淀区-中关村海淀北二街10号泰鹏大厦11层","2018-08-13 14:26:12"
"京东南京研发中心","人工智能工程师","20K-40K","南京 ","经验1-3年","硕士及以上","全职","算法 | 数据挖掘","2天前  ","场景多，空间大，数据全","岗位描述：","南京-江宁区-开发区-胜利路89号紫金研发创业中心3号楼702室","2018-08-13 14:26:16"
"舜飞科技","人工智能研发工程师","25k-50k","广州 ","经验3-5年","硕士及以上","全职","游戏 | 人工智能","10:46  ","让世界更有乐趣是我们的使命",,"广州-天河区-车陂-棠东东路5号远洋创意园B-420","2018-08-13 14:26:20"
"一亩田技术部","数据挖掘&人工智能工程师","18k-36k","北京 ","经验1-3年","本科及以上","全职","NLP | 算法 | 数据挖掘","10:17  ","股票期权,业务扩张,每年两次晋,年终奖","职位描述：","北京-海淀区-清河-西小口东升科技园B-6号楼A6","2018-08-13 14:26:23"
"一起科技AI","研发工程师（人工智能方向）","20k-40k","北京 ","经验3-5年","本科及以上","全职","人工智能","3天前  ","独角兽,待遇好",,"北京-朝阳区-望京-望京绿地中心B座","2018-08-13 14:26:27"
"联想新视界","人工智能研发工程师","15k-30k","南昌 ","经验3-5年","硕士及以上","全职","机器学习 | 深度学习 | 计算机视觉 | 算法","2018-08-06  ","弹性工作制,五险一金,带薪年假,午餐补贴",,"南昌-新建县-红谷滩九龙湖VR产业基地绿地国博城一号楼九层","2018-08-13 14:26:33"
"第四范式","人工智能服务经理","18k-35k","北京 ","经验1-3年","本科及以上","全职","技术支持","2018-08-06  ","大牛","工作职责：","北京-海淀区-上地颐泉汇A座303","2018-08-13 14:26:38"
"悠络客研发部门","PHP开发工程师/人工智能行业","15k-20k","上海 ","经验1-3年","本科及以上","全职","MySQL | PHP","2018-08-09  ","地铁沿线,福利多多,弹性工作,核心部门","岗位职责：","上海-徐汇区-漕河泾-上海市徐汇区虹梅路1801号凯科国际大厦","2018-08-13 14:26:44"
"云桔科技产品技术部","人工智能工程师","20k-35k","杭州 ","经验3-5年","本科及以上","全职","云计算 | 大数据 | 机器学习 | 搜索 | 数据挖掘","2018-08-09  ","晋升空间大,福利待遇优,工作氛围好,初创团队","职责描述：","杭州-西湖区-文三路-文三路478号华星时代广场A座406","2018-08-13 14:26:48"
"沪江HILL实验室","人工智能专家","90k-100k","北京 ","经验5-10年","本科及以上","全职","人工智能 | 机器学习 | NLP","2018-08-09  ","上市前夜,弹性办公,周末双休","工作职责：","北京-海淀区-五道口-北京市海淀区五道口东升大厦","2018-08-13 14:27:03"
"第四范式平台","人工智能服务经理","15k-30k","北京 ","经验1-3年","本科及以上","全职","产品设计 | 产品策划","2018-08-06  ","大牛","工作职责1、 负责大客户的服务管理， 确保客户问题得到按需响应&解决2、制定服务整体计划,优化产品线技术支持及客户服务体系，完善客户服务处理流程3、售后不良数据统计、数据分析、发掘质量问题并进行跟踪改善。4、协助建立完整的售后服务客户档案及售后服务信息管理系统，验证售后新工具，新技术，维护售后系统5、与交付、TS等团队密切合作， 确保服务交付能力建设满足客户要求任职要求1、 985, 211院校，全日制本科及以上学历2、 拥有3年或以上国内外企业级客户技术支持或客户服务工作经验3、 熟悉主流IT产品支持与服务流程4、 具备良好的项目管理和客户服务管理能力 ","北京-海淀区-上地颐泉汇A座303","2018-08-13 14:27:06"
"百度大数据实验室","大数据实验室-人工智能研究员","40k-80k","北京 ","经验1-3年","博士及以上","全职","深度学习 | 机器学习 | 算法 | 计算机视觉 | 大数据 | 移动互联网","2018-07-23  ","大牛云集,有美国分部,联合国共建,待遇优厚","工作职责","北京-海淀区-西北旺-百度科技园","2018-08-13 14:27:09"
"锦峰","人工智能工程师","15k-30k","广州 ","经验3-5年","本科及以上","全职","智能硬件 | 人工智能 | 机器学习 | 深度学习 | 算法","2018-07-30  ","公司环境好,氛围好,帅哥美女多","岗位职责：","广州-天河区-珠江新城-珠江新城华夏路8号合景国际金融广场32楼","2018-08-13 14:27:14"
"S先生产品","人工智能训练与数据处理实...","2k-3k","上海 ","经验应届毕业生","本科及以上","实习","大数据 | 商业 | 数据分析","2018-07-23  ","前沿领域,行业领先,高速成长,大牛分享","职责：","上海-黄浦区-外滩-外滩","2018-08-13 14:27:19"
"深圳澳谷智能科技有限公司技术部门","人工智能工程师","10k-20k","深圳 ","经验1-3年","本科及以上","全职","智能硬件 | 软件开发 | Java","2018-07-31  ","机器人,先进技术,外资","工作描述：","深圳-福田区-华强北-华强北路1002号赛格广场13层","2018-08-13 14:27:23"
"思迪股份人工智能产品部","资讯数据产品经理-人工智...","15k-30k","深圳 ","经验3-5年","本科及以上","全职","大数据 | 产品设计","09:42  ","六险一金,弹性上班","岗位职责：1.负责思迪资讯类产品（包括前端和相关后台系统）的规划与设计；2.结合大数据和人工智能，打造智能化资讯产品并向可运营化推进；3.负责资讯类产品需求调研、竞品分析及输出产品手册和需求文档；4.协助交互、设计、开发、测试梳理需求，确保团队成员正确理解背后逻辑。任职要求：1.大学本科以上学历，3年以上产品策划相关工作经验，1年以上资讯类产品设计经验；2.了解大数据和人工智能的发展与应用，对数据敏感，善于数据挖掘与分析，并熟练使用相关数据分析工具；3.具备良好的沟通能力和创新能力，文字撰写能力良好，熟练使用office，axure，xmind等，熟悉数据库更佳；4.工作积极主动，对互联网证券有热情。","深圳-南山区-深圳湾科技生态园9栋B4座14楼","2018-08-13 14:27:26"
"创新中心","人工智能工程师","8k-15k","广州 ","经验不限","本科及以上","全职","人工智能 | 机器学习","2018-07-20  ","双休,国企,年终奖,福利好","岗位职责：","广州-黄埔区-企业加速器","2018-08-13 14:27:29"
"亿阳信通","人工智能技术经理","15k-30k","北京 ","经验3-5年","硕士及以上","全职","大数据 | 人工智能 | 机器学习 | 深度学习 | 算法","08:51  ","七险一金,上市公司,独立团队","工作内容：","北京-海淀区-四季青-杏石口路99号","2018-08-13 14:27:32"
"同花顺AI人工智能事业部","AI人工智能-测试岗","6k-9k","杭州 ","经验应届毕业生","本科及以上","全职","金融 | 测试 | 自动化","2018-07-30  ","人工智能,互联网金融,17薪,免费中晚餐","国内第一家互联网金融信息服务行业上市公司、2009年深交所上市、目前公司员工3000人+、齐全的产业线（2B、2C均有涉及）、注册用户3.1亿+、月活量3000万+；","杭州-余杭区-荆长大道同顺街18号","2018-08-13 14:27:35"
"网易","AI智能硬件项目管理-人工...","25k-40k","杭州 ","经验3-5年","本科及以上","全职","项目管理 | PMO","3天前  ","网易,人工智能,前沿领域,智能硬件","职责描述：1. 负责与合作方、供应商沟通及项目协调工作，对项目全生命周期进行管理。重点关注物联网相关的项目协调、跟踪、监控；2. 监控项目的范围、进度、成本、质量等的状态，保证各项目的关键里程碑达成；结合项目特点预先或及时识别项目风险，能够预先制定预防措施或快速制定有效措施予以减轻；3. 协调和组织项目资源，提升项目各团队和人员协同工作和效率；4. 协助项目成员推动和解决项目中具体遇到的各种问题，不断发现改进空间，提出可执行的优化策略，保证项目顺利进行；5. 能够同时推进多条项目子线，有效驱动第三方，确保项目顺利进行。","杭州-滨江区-长河-网商路599号","2018-08-13 14:27:39"
"创新奇智（重庆）科技有限公司研发部","人工智能研发Leader","18k-36k","重庆 ","经验5-10年","硕士及以上","全职","人工智能 | 机器学习 | 图像处理 | 算法","2018-07-30  ","人工智能","整体介绍：","重庆-九龙坡区-九龙-重庆启迪科技园13号楼102","2018-08-13 14:27:43"
"量子位编辑部","记者（人工智能方向）","8k-16k","北京 ","经验1-3年","本科及以上","全职","媒体","13:50  ","新奇有趣,前沿科技,团队靠谱,免费午餐","主要职责：","北京市-海淀区-中关村-中关村西区","2018-08-13 14:27:47"
"网信技术部","AI智能专家","15k-25k","北京 ","经验3-5年","本科及以上","全职","金融 | 算法 | 数据挖掘","3天前  ","五险一金,补充医疗,餐补","基于互联网金融业务，独立完成相关的机器学习项目，包括需求分析、数据采集和整理、特征工程、模型调优、效果评估等；","北京-朝阳区-三元桥-霄云路28号","2018-08-13 14:27:51"
"地平线机器人研究院","研究员/助理研究员--南京...","10k-20k","南京 ","经验应届毕业生","硕士及以上","全职","算法 | 机器学习 | 其它 | 深度学习","10:38  ","明星公司,大牛团队,福利多多","工作职责: 南京人工智能高等研究院，成立于2018年3月，是由地平线，清华大学，与南京政府三方倾力打造的新型企业式研究机构，聚焦AI高端人才培养、先行性技术研究、AI公共技术服务提供、和创新性产业应用落地。研究院将由海内外引入的顶级AI相关领域专家、学者领军，产学研深度融合，具有丰富的软硬件、AI芯片、算法等方面的前沿技术研究积累及成果转化经验。 在这里，你将拥有与AI行业海内外专家们（Facebook，Google，百度美研所，清华大学等等）共同科研、共同探索的机会，足不出户学遍天下； 在这里，即使你非CS/EE专业出身，只要你有深厚的数学物理理论方法基础，我们有信心让你在大牛们的耳濡目染下成长为优秀的AI人才； 在这里，你将学以致用，挖掘潜在的创业机会，享受专业创新孵化团队的服务与指导，与伙伴们共同将研究成果转化为有意义的产业落地…… 南京人工智能高等研究院欢迎各位对AI+行业领域有浓厚兴趣且愿意致力于此的同学们加入，成为我们的首批研究员，享受研究院资源的全力支持与培养。共筑梦想，同创辉煌！ 任职资格:1.       数学、物理、生物，生医，计算机、电子、通信专业硕士或博士学位；应届毕业生或者毕业3年以内；2.       具有深厚的数理基础（离散数学，概率，数值计算等等），学习能力强；3.       对机器学习、计算机视觉，语音语言处理等人工智能基础理论和技术研究有浓厚兴趣，并将致力于人工智能技术产业转化与发展；4.       有上进心和钻研精神；有良好的沟通能力和团队合作精神；5.     （加分项）有大规模数据分析经验者优先；对AI有过自学或接触者优先；有一定编程经验者优先。投递标题请注明：南京研究院","南京-栖霞区-经济开发区兴智路6号兴智科技园A栋20F","2018-08-13 14:27:55"
"第四范式数据智能部","人工智能产品经理","20k-40k","北京 ","经验1-3年","本科及以上","全职","银行 | 产品设计","2018-08-08  ","人工智能,晋升空间,扁平化管理,各种福利","工作职责：","北京-海淀区-上地-上地颐泉汇3层","2018-08-13 14:28:10"
"蒙特卡洛人工智能部","人工智能研发工程师","13k-25k","北京 ","经验应届毕业生","本科及以上","全职","C++","09:52  ","年底双薪,五险一金,免费水果","工作职责：","北京-昌平区-回龙观-回龙观镇龙域北街8号院金域国际B座","2018-08-13 14:28:14"
"泛微总部","人工智能开发经理","25k-40k","上海 ","经验3-5年","本科及以上","全职","大数据 | 人工智能 | 机器学习 | 算法","09:19  ","五险一金,免费三餐,生日福利,员工旅游","职位描述：    ","上海市-闵行区-浦江-联航路1188弄浦江智谷33号楼","2018-08-13 14:28:17"
"思迪股份人工智能产品部","智能营销产品经理-人工智...","15k-30k","深圳 ","经验3-5年","本科及以上","全职","银行","09:42  ","六险一金,弹性上班","岗位职责：1、负责证券营销服务业务相关产品的规划及产品生命周期管理；2、负责市场调研，了解客户需求和行业热点，提出并形成产品解决方案；3、负责产品方案快速推进落地，并根据市场和用户反馈，快速更新和调整产品策略;4、负责产品市场营销，售前营销等产品拓展的支持工作；任职要求：1、专业不限，2年以上互联网产品工作经验；或者有1年以上互联网金融产品工作经验；有金融、证券、银行相关CRM，MOT等业务系统设计或者开发者优先考虑。2、具备抽象、提炼及描述业务对象的能力；良好的文档能力，能独立完成产品需求文档；熟练掌握AXURE等原型制作工具，具备交互原型制作能力；3、能够倾听客户诉求，对客户反馈问题需求敏感性较强，挖掘产品潜在价值，完善产品发展路径；4、优秀的沟通协调能力、独立解决问题能力，团队协助精神，善于总结和分享经验。","深圳-南山区-深圳湾科技生态园9栋B4座14楼","2018-08-13 14:28:24"
"百度大数据实验室","大数据实验室-人工智能研究员","40k-80k","北京 ","经验应届毕业生","博士及以上","全职","大数据 | 移动互联网 | 机器学习 | 深度学习 | 计算机视觉 | 算法","2018-07-23  ","大牛云集,有美国分部,联合国共建,待遇优厚","工作职责","北京-海淀区-西北旺-百度科技园","2018-08-13 14:28:28"
"地平线机器人研究院","研究员/助理研究员--南京...","10k-20k","南京 ","经验应届毕业生","本科及以上","全职","机器学习 | 深度学习 | 图像处理 | 语音识别","10:38  ","成长空间大,福利多多,积累经验","工作职责: 南京人工智能高等研究院，成立于2018年3月，是由地平线，清华大学，与南京政府三方倾力打造的新型企业式研究机构，聚焦AI高端人才培养、先行性技术研究、AI公共技术服务提供、和创新性产业应用落地。研究院将由海内外引入的顶级AI相关领域专家、学者领军，产学研深度融合，具有丰富的软硬件、AI芯片、算法等方面的前沿技术研究积累及成果转化经验。 在这里，你将拥有与AI行业海内外专家们（Facebook，Google，百度美研所，清华大学等等）共同科研、共同探索的机会，足不出户学遍天下； 在这里，即使你非CS/EE专业出身，只要你有深厚的数学物理理论方法基础，我们有信心让你在大牛们的耳濡目染下成长为优秀的AI人才； 在这里，你将学以致用，挖掘潜在的创业机会，享受专业创新孵化团队的服务与指导，与伙伴们共同将研究成果转化为有意义的产业落地…… 南京人工智能高等研究院欢迎各位对AI+行业领域有浓厚兴趣且愿意致力于此的同学们加入，成为我们的研究员，享受研究院资源的全力支持与培养。共筑梦想，同创辉煌！ 任职资格:1、数学、物理、生物，生医，计算机、电子、通信专业硕士或博士学位；应届毕业生或者毕业3年以内；2、具有深厚的数理基础（离散、数学，概率，数值计算等等），学习能力强；3、对机器学习、计算机视觉，语音语言处理等人工智能基础理论和技术研究有浓厚兴趣，并将致力于人工智能技术产业转化与发展；4、有上进心和钻研精神；有良好的沟通能力和团队合作精神；5、（加分项）有大规模数据分析经验者优先；对AI有过自学或接触者优先；有一定编程经验者优先。投递标题请注明：南京研究院","南京-栖霞区-经济开发区兴智路6号兴智科技园A栋20F","2018-08-13 14:28:31"
"减约产运中心","人工智能产品","20K-30K","北京 ","经验3-5年","本科及以上","全职","产品设计 | 产品策划","06:54  ","公司前景,个人发展,团队氛围","岗位职责：","北京-朝阳区-望京-望京阜通东大街6号方恒国际A座11层","2018-08-13 14:28:34"
"京东集团AI平台部","算法工程师（人工智能）","25k-50k","成都 ","经验3-5年","本科及以上","全职","人工智能 | 机器学习 | 搜索 | NLP","2018-08-01  ","人工智能,核心业务,大牛多,发展大","岗位职责","成都-武侯区-西部智谷","2018-08-13 14:28:40"
"国泰君安证券股份有限公司信息技术部","互联网技术中心-智能服务...","10k-20k","上海 ","经验3-5年","硕士及以上","全职","移动端 | HTML","10:54  ","国内综合实力最强的证券公司之一","岗位职责：","上海-浦东新区-曹路-上海市浦东新区来安路685号","2018-08-13 14:28:45"
"成都小多科技有限公司客户成功部","人工智能训练师（实习）","2k-4k","成都 ","经验应届毕业生","本科及以上","实习","可视化 | 数据分析","09:26  ","人工智能,前景广阔","使命：通过对数据的分析和标注提升机器人识别问题的覆盖率，准确率等 ；","成都-高新区-天府软件园B区7栋705","2018-08-13 14:28:49"
"咪咕次元事业部","人工智能开发工程师","40k-80k","上海 ","经验3-5年","本科及以上","全职","视频 | Java | 全栈 | 算法 | 机器学习","09:18  ","高薪可谈,优厚福利","岗位职责：","上海-黄浦区-人民广场-新金桥广场","2018-08-13 14:28:52"
"北风网部","人工智能技术顾问","10k-15k","上海 ","经验1-3年","大专及以上","全职","直播 | 人工智能 | 机器学习 | 深度学习 | 算法","11:02  ","陆家嘴,近地铁,氛围好","岗位职责：","上海-浦东新区-洋泾-世纪大道1500号东方大厦4楼（近向城路）","2018-08-13 14:28:56"
"翼辉信息","人工智能算法工程师","15k-25k","北京 ","经验1-3年","本科及以上","全职","人工智能 | 算法","3天前  ","五险一金,超长年假,员工团建,节日礼品","岗位职责1. 负责深度学习、机器学习算法研究2. 负责特定应用场景下机器学习的模型搭建或模型调优3. 参与构建与推进相关应用场景下机器学习平台的持续演进和落地4. 参与 SylixOS 平台上深度学习应用方案设计任职资格1. 深度学习或计算机相关专业，本科以上学历，2 年以上工作经验2. 有深度学习CNN，RNN 等神经网络相关经验者优先3. 熟悉Python或C++开发4. 熟悉相关深度学习框架如Tensorflow、Caffe等优先5. 有相关场景算法（如人脸识别、目标检测、智能语音交互）的研究与优化经验者优先","北京-海淀区-翠湖科技园云中心12号楼","2018-08-13 14:28:59"
"生命奇点IT研发中心","人工智能算法工程师","30k-60k","北京 ","经验3-5年","本科及以上","全职","NLP | 数据挖掘","11:53  ","高端团队,投资风口,快速上升,资金充足","职位描述：1）负责精准医疗核心算法研究和开发；2）对非结构化的临床信息做标准化、归一化整合，提取有用信息，做结构化处理；3）对临床和基因组学数据做分析挖掘，找到有效模式，推荐最优治疗方案，预测病人未来状况。职位要求：1) 具备以下背景之一：统计学、数据挖掘、机器学习、深度学习相关的知识：LR、GBDT、Parameter Server, SVM, LearningToRank, NN, Deep Learning, Image Classification，etc","北京市-海淀区-中关村-北四环西路65号海淀新技术大厦1036","2018-08-13 14:29:02"
"北京八维研修学院大数据学院-人工智能系","人工智能讲师","15K-30K","北京 ","经验3-5年","本科及以上","全职","大数据 | 人工智能 | 机器学习","08:50  ","稳定平台,丰厚薪酬,优秀团队,成就感","岗位职责：","北京-海淀区-上地-上地软件园南路57号","2018-08-13 14:29:05"
"homi研发部","人工智能算法工程师","15k-30k","北京 ","经验1-3年","硕士及以上","全职","机器学习 | 人工智能 | 深度学习 | 建模","2018-08-07  ","弹性工作制,地铁沿线,股票期权,大咖云集","岗位职责：","北京-朝阳区-酒仙桥-酒仙桥北广集团南楼5层529","2018-08-13 14:29:20"
"搜狗","智能语音-自然语言处理研究员","20k-40k","北京 ","经验1-3年","硕士及以上","全职","工具软件 | NLP | 算法 | 数据挖掘","08:58  ","公司战略重点项目，丰富的大数据","岗位说明:","北京-海淀区-中关村-中关村东路1号院清华科技园8号楼启迪科技大厦D座22层","2018-08-13 14:29:24"
"网易","资深/高级JAVA开发工程师-...","15k-30k","杭州 ","经验3-5年","本科及以上","全职","后端 | 服务器端 | 分布式","3天前  ","网易,人工智能,前沿领域,专业团队","职位描述：","杭州-滨江区-长河-网商路599号","2018-08-13 14:29:28"
"杭州智团","人工智能开发工程师","15k-30k","杭州 ","经验应届毕业生","硕士及以上","全职","软件开发 | ERP","3天前  ","发展前景好,智慧医疗","岗位职责：","杭州-滨江区-长河-建业路511号华创大厦909","2018-08-13 14:29:32"
"广州棒谷科技股份有限公司大数据人工智能研发中心","人工智能产品经理","10k-20k","广州 ","经验1-3年","本科及以上","全职","广告 | 数据 | 大数据","3天前  ","大型电商,海量数据,双休","岗位职责","广州-白云区-白云大道-景泰街机场东门路01号豪泉大厦2楼大厅","2018-08-13 14:29:43"
"美团点评美团外卖","美团外卖-产品经理-智能助...","20k-40k","北京 ","经验3-5年","本科及以上","全职","产品设计","2018-08-08  ","大平台,核心业务,六险一金","岗位职责:1、负责公司AI产品相关产品设计，包括需求分析、产品规划和设计、资源协调和项目管理推进，持续优化及改进产品；2、负责跟进业务反馈及数据分析总结，发现问题，并改进和创新，制定实施计划；3、负责产品市场调研、国内外竞品跟踪以及用户研究等工作，关注AI行业动态、互联网相关竞品。任职要求:1、本科及以上学历，三年及以上相关产品工作经验(有AI工作经验优先)；2、对无线端产品的设计有自己的方法论，对产品的交互、视觉有很强的把控能力；3、优秀的逻辑思维和学习能力，对策略模型，数据挖掘有一定的sense；4、高度的责任感和自驱主动意识，良好的沟通能力与团队协作能力；5、对AI相关的产品和业务有自己的思考和一定的洞察力，深入理解人工智能及搜索、推荐等相关技术。","上海市-长宁区-中山公园-望京东路科创大厦","2018-08-13 14:29:46"
"大宇无限研发部","人工智能专家","50k-100k","深圳 ","经验5-10年","硕士及以上","全职","广告营销 | 视频 | 算法 | 数据挖掘","2018-07-31  ","工程师文化,高期权回报,业务发展快,公司氛围好","工作职责：","深圳-南山区-科技园比克科技大厦","2018-08-13 14:29:49"
"平安科技","人工智能工程开发工程师（...","15k-30k","深圳 ","经验不限","本科及以上","全职","人工智能 | 算法","10:23  ","世界50强,带薪年假,节日福利,绩效丰厚",,"深圳-福田区-八卦岭八卦三路平安大厦","2018-08-13 14:29:52"
"衡道医学数字产品部","人工智能研发工程师","15k-30k","上海 ","经验1-3年","本科及以上","全职","算法 | 数据挖掘 | 数据分析","2018-08-09  ","高年薪,百度研究院,前沿领域,人工智能","岗位职责：","上海-徐汇区-交通大学-均瑶国际广场","2018-08-13 14:29:55"
"上海知墨研发部","人工智能开发工程师-AI","20k-40k","上海 ","经验3-5年","博士及以上","全职","教育 | 软件开发","2018-08-07  ","弹性工作,技术氛围,在线教育,薪酬福利","岗位职责：","上海-徐汇区-沪闵路9505号","2018-08-13 14:29:58"
"蒙特卡洛人工智能部","人工智能高级软件工程师","30k-40k","北京 ","经验3-5年","本科及以上","全职","人工智能 | 算法","09:52  ","五险一金,年底双薪","职责:","北京-昌平区-回龙观-回龙观镇龙域北街8号院金域国际B座","2018-08-13 14:30:02"
"纳斯威尔信息","人工智能研发工程师","13k-25k","广州 ","经验3-5年","本科及以上","全职","软件开发","2018-08-06  ","办公环境优,发展空间大,薪酬福利高,团队融洽","工作职责:","广州-越秀区-水荫-水荫路119号","2018-08-13 14:30:05"
"滴滴出行大数据&滴滴研究院","算法工程师--智能调度","25k-50k","北京 ","经验不限","本科及以上","全职","算法 | 数据挖掘","2018-08-09  ","平台好","岗位职责：","北京市-海淀区-西北旺-北京市海淀区东北旺西路8号院尚东数字山谷B区1号楼","2018-08-13 14:30:10"
"北京深度奇点研发部","人工智能高级研发程师","25k-50k","北京 ","经验3-5年","硕士及以上","全职","人工智能","2018-07-17  ","主攻方向研发AI核心技术产品"," ","-知春路盈都大厦C座2单元5B","2018-08-13 14:31:14"
"网易雷火游戏部","人工智能实习生","6k-8k","杭州 ","经验不限","本科及以上","实习","游戏 | 人工智能","3天前  ","团队氛围好,成长迅速"," ","杭州市市市-滨江区-长河-网易(杭州)网络有限公司","2018-08-13 14:31:30"
"鲁班嫡系机器人自动化","人工智能工程师（高级）","15k-30k","深圳 ","经验1-3年","本科及以上","全职","人工智能 | 机器学习 | 深度学习 | 算法","10:40  ","周末双休,五险一金,带薪年假,扁平管理","职位要求：","深圳-龙岗区-横岗-横岗街道六约金塘工业区勤富路28号柏怡科技园A栋5F","2018-08-13 14:31:33"
"联想集团","人工智能算法工程师","15k-30k","北京 ","经验1-3年","本科及以上","全职","NLP | 人工智能","3天前  ","六险二金,弹性工作制","工作内容：","北京-海淀区-西二旗-上地西路6号（近地铁西二旗站）","2018-08-13 14:31:39"
"奇虎360金融","人工智能产品经理","15k-30k","北京 ","经验3-5年","本科及以上","全职","大数据 | 金融 | 金融","2018-08-09  ","发展空间极大、团队很优秀","岗位职责1、推动现有人工智能技术在各产品线业务中落地2、根据现有业务数据，用AI优化现有产品流程的各个环节3、分析业务数据，处理各产品线的算法应用上的反馈","北京-朝阳区-酒仙桥-酒仙桥6号院360大厦","2018-08-13 14:31:43"
"四维图新自动驾驶","智能算法工程师/高级算法...","16k-25k","北京 ","经验1-3年","本科及以上","全职","人工智能 | 机器学习 | 计算机视觉 | 图像处理","10:23  ","核心部门核心岗位；技术大牛带领","岗位职责：","北京-海淀区-西北旺-四维图新大厦","2018-08-13 14:31:46"
"腾飞讯","人工智能算法","25K-29K","北京 ","经验3-5年","本科及以上","全职","软件开发","2018-07-24  ","研发团队大牛来自谷歌，AMD，英伟达等","·3年以上的AI框架，算法研发经验（C＋＋，C或Python），对AI框架进行改进，优化尤为合适。 ","北京-朝阳区-朝外-中关村或知春路","2018-08-13 14:31:49"
"影谱科技创新研发中心","人工智能高级工程师","30k-50k","北京 ","经验3-5年","本科及以上","全职","人工智能 | 深度学习 | 算法","2018-07-23  ","上市公司,技术大牛,全额社保,各种补助","岗位职责：","北京-东城区-东直门-东直门天恒大厦22层","2018-08-13 14:31:53"
"车势科技技术部","人工智能算法工程师","20k-30k","北京 ","经验3-5年","硕士及以上","全职","人工智能 | 算法","10:01  ","工作居住证,环境好,国际化","岗位职责","北京-朝阳区-京广桥-东大桥路SOHO尚都北塔B座1808","2018-08-13 14:31:57"
"小艾帮帮研发","人工智能实习生","2k-4k","杭州 ","经验应届毕业生","本科及以上","实习","软件开发 | 企业软件 | SAAS | 云计算","2018-08-09  ","实际项目,导师1对1,2天以上出","职责描述：","杭州-余杭区-中国人工智能（杭州）小镇9号楼501-508","2018-08-13 14:32:00"
"小库科技","人工智能科学家","60k-100k","深圳 ","经验不限","博士及以上","全职","人工智能 | 机器学习 | 深度学习","2018-08-06  ","海归精英多,期权激励","人工智能科学家 AI Scientist","深圳-南山区-西丽-打石二路万科云设计公社","2018-08-13 14:32:04"
"智付集团","人工智能高级工程师","20k-40k","深圳 ","经验3-5年","本科及以上","全职","人工智能","2018-08-07  ","博士导师","职位描述：","深圳-福田区-皇岗-大中华国际交易广场","2018-08-13 14:32:07"
"Using.ai研发部","人工智能研发工程师","9k-18k","深圳 ","经验不限","本科及以上","全职","人工智能 | 机器学习 | 深度学习 | 计算机视觉","2018-07-17  ","长期招聘","研发机器学习算法及相关系统用于解决行业的问题（如：图像识别、文本挖掘）","深圳-南山区-深圳湾-科技园科苑大道","2018-08-13 14:32:10"
"新东方","人工智能实习生","4k-8k","北京 ","经验应届毕业生","硕士及以上","全职","人工智能 | NLP | 语音识别 | 教育","2018-07-30  ","大平台,福利好","职位职责： ","北京-朝阳区-海淀区中关村大街18号中关村科贸大厦B座10层","2018-08-13 14:32:14"
"同为数码研发中心","人工智能资深工程师","30k-60k","深圳 ","经验3-5年","硕士及以上","全职","人工智能 | 图像处理 | 算法","2018-08-08  ","人工智能,上市公司","岗位职责：1.负责安防视频数据分析如人脸识别、车辆识别及视频结构化别等相关人工智能项目的系统框架设计及搭建，并输出优质的文档。2.带领小组成员进行人工智能算法、底层算法库的研发实现。任职要求：1.计算机、信息技术和数学类相关专业，硕士以上学历，博士优先。2. 3年以上工作经验，具有熟练的英文阅读能力。3.具有丰富C/C++编程经验，具有Matlab编程经验，有Python编程开发经验。有嵌入式系统开软件开发经验的优先。4.精通机器学习常用算法，有深度学习模型开发经验，如CNN，DNN，LSTM等5.熟悉2个以上的开源软件，如Caffe，TensorFlow等，并有一定的项目开发经验。6.具有团队领导能力，能带领一个小团队独立完成项目7.优秀的团队合作精神。","深圳-南山区-深圳湾科技生态园二区九栋B座","2018-08-13 14:32:19"
"和缓医疗","人工智能实习生","5k-8k","北京 ","经验应届毕业生","本科及以上","实习","医疗健康 | 移动互联网 | 数据挖掘 | 算法 | 机器学习 | 人工智能","2018-07-17  ","发展空间大,环境好,领导好,福利好","岗位职责：","北京-东城区-东直门-来福士","2018-08-13 14:32:23"
"网易人工智能事业部","APP产品经理-人工智能事业部","15k-30k","杭州 ","经验3-5年","本科及以上","全职","社交 | 产品设计","3天前  ","棒,棒,棒,棒","岗位描述：1.主导一款AI资讯阅读APP的规划，设计、改进与迭代工作，对数据指标及用户体验负责；2.挖掘用户需求，编写PRD，推进设计研发团队的项目协作，保障产品顺利上线；3.参与行业研究，需求调研及用户反馈分析等工作；","杭州市市市-滨江区-长河-秋溢路606号","2018-08-13 14:32:37"
"联想集团AI lab","人工智能平台研究员","25k-50k","北京 ","经验3-5年","硕士及以上","全职","大数据 | 人工智能","3天前  ","技术大牛,免费午餐,技术前言,补充保险","Position Description:","北京-海淀区-西二旗-联想集团联想研究院","2018-08-13 14:32:40"
"影子控股","人工智能产品经理","17k-34k","广州 ","经验3-5年","本科及以上","全职","人工智能","10:20  ","高薪,五险一金,带薪年假,发展空间大","职位描述：","广州-天河区-粤垦路607号力达广场A2座5、6、17、23、24层","2018-08-13 14:32:45"
"蒙特卡洛人工智能部","人工智能算法研究员","50k-70k","北京 ","经验1-3年","硕士及以上","全职","人工智能 | 机器学习 | 深度学习 | 算法","09:52  ","年底双薪,五险一金","职责:","北京-昌平区-回龙观-回龙观镇龙域北街8号院金域国际B座","2018-08-13 14:32:48"
"传智播客","人工智能课程研究员(J11075)","30k-40k","北京 ","经验3-5年","本科及以上","全职","人工智能 | 机器学习 | 深度学习 | 算法","2018-08-03  ","五险一金,交通补助,餐饮补助,节日福利","工作职责:1、从事深度学习、智能决策技术等领域的机器学习算法研发；2、有人工智能和互联网大数据领域相关工作经验；3、能跟踪该领域的技术前沿，定期做该领域的前沿学术报告；4、参与项目技术攻关，促进技术疑难问题的解决；5、结合应用场景, 综合考虑业务/数据/算法等因素,持续改进和优化产品性能；6、 负责设计人工智能项目课程研发工作；7、负责日常领导安排的其他工作。","北京-昌平区-建材城西路金燕龙科研楼7层","2018-08-13 14:32:53"
"一起科技技术","机器学习/人工智能方向实习生","5k-9k","北京 ","经验不限","本科及以上","实习","人工智能 | 机器学习","1天前  ","行业独角兽,核心项目,大牛云集,上升空间大",,"北京-朝阳区-望京-望京绿地中心B座16层","2018-08-13 14:32:59"
"Xmov","人工智能产品经理","20k-30k","上海 ","经验5-10年","本科及以上","全职","产品设计 | 用户研究 | 需求分析","2018-07-16  ","明星团队,顶级科学家,顶级风投,期权丰厚","职责描述：","上海-徐汇区-漕河泾-宜山路700号普天信息产业园B2楼902","2018-08-13 14:33:02"
"UCloudUCloud事业部","人工智能平台开发工程师","20k-40k","上海 ","经验3-5年","本科及以上","全职","C++","11:21  ","六险一金,领导好,独角兽公司,弹性工作","工作职责：","上海-杨浦区-上海市杨浦区隆昌路619号10号楼B座","2018-08-13 14:33:05"
"百度智能云技术三部","智能云技术三部_云与人工...","15k-30k","北京 ","经验不限","本科及以上","全职","云计算 | 大数据 | 运维 | Openstack","2018-07-18  ","平台大,机会多","工作职责：","北京-海淀区-马连洼-百度科技园","2018-08-13 14:33:08"
"北冥星眸研究部","AI研究员（人工智能）","15k-30k","杭州 ","经验不限","硕士及以上","全职","软件开发","2018-07-30  ","AI,人工智能,前沿科技,研究","加入我们你需要负责：","杭州-滨江区-滨安路650号ix-work","2018-08-13 14:33:11"
"太平金科应用系统四部","人工智能算法工程师","10k-20k","上海 ","经验1-3年","本科及以上","全职","大数据 | 人工智能 | 机器学习 | 架构师","2018-08-08  ","带薪年假,试用期全薪,免费班车,节日福利","岗位职责：1. 负责或参与太平人工智能平台建设，确保该项目按时、高质量交付； 2. 负责或参与联合创新实验室相关工作，确保AI技术成果在保险各业务条线的应用落地； 3. 掌握大数据、人工智能等关键技术和关键应用； 4. 辅导初级技术人员。","上海-浦东新区-唐镇-卡园三路58号","2018-08-13 14:33:14"
"零零无限研发部","人工智能算法工程师","20k-40k","北京 ","经验1-3年","本科及以上","全职","人工智能 | 机器学习 | 深度学习 | 算法","3天前  ","优秀团队,发展空间大,无人机","工作职责：  该职位属于人工智能算法团队，致力于视觉相关的人工智能产品研发，以及与无人机技术的深度融合。  1、负责人工智能算法相关的技术难点攻关与前瞻预研；并与其他感知控制系统融合，形成无人机全新应用场景的解决方案。 2、算法研究包括：目标检测，人脸/人体识别及跟踪，强化学习及其他人工智能算法等。  岗位要求:  1、本科或以上学历，2年以上人工智能相关工作经验；","北京-朝阳区-CBD-海航实业大厦9层氪空间","2018-08-13 14:33:18"
"京东集团平台创新研究部","智能耳机资深产品经理","15k-25k","北京 ","经验5-10年","本科及以上","全职","智能硬件 | 产品设计 | 智能硬件","3天前  ","工作环境好,福利待遇高,发展前景好","【工作职责】","北京-朝阳区-大屯-北辰西路8号北辰世纪中心A座","2018-08-13 14:33:21"
"小米小爱","算法/研发工程师-小爱智能...","20k-40k","北京 ","经验1-3年","本科及以上","全职","NLP | 算法 | 搜索 | 数据挖掘","2018-07-23  ","大牛云集,弹性工作,六险一金","岗位职责：","北京-海淀区--清河","2018-08-13 14:33:24"
"星舆科技","人工智能芯片设计工程师","15k-30k","广州 ","经验3-5年","本科及以上","全职","硬件制造 | FPGA | 硬件开发","09:26  ","五险一金,行业领先,各种补贴,股票期权","工作描述：","广州-天河区-平云路广电科技大厦301自编5号","2018-08-13 14:33:27"
"慧闻科技","人工智能算法工程师","25k-50k","北京 ","经验1-3年","硕士及以上","全职","人工智能 | 机器学习 | 深度学习 | 算法","3天前  ","人工智能,算法,深度学习,机器人","岗位职责：","北京-西城区-展览路-西直门外大街辛137号宝蓝金融创新中心B厅二层203","2018-08-13 14:33:43"
"逸途科技研发部","初级人工智能算法工程师","15k-20k","北京 ","经验不限","本科及以上","全职","数据挖掘 | 数据分析","3天前  ","免费水果,五险一金,健身体检,定期团建","岗位职责：","北京-朝阳区-酒仙桥-酒仙桥路4号宏源大厦","2018-08-13 14:33:46"
"麦子科技人工智能开发部","算法工程师（人工智能）","20k-25k","上海 ","经验1-3年","本科及以上","全职","算法 | 数据挖掘","3天前  ","五险一金,年底双薪,加班补贴,成长空间","岗位职责：","上海-浦东新区-张江-纳贤路800号217","2018-08-13 14:33:52"
"名策数据技术部","人工智能算法工程师","30k-50k","北京 ","经验不限","硕士及以上","全职","大数据 | 人工智能 | 机器学习 | 深度学习 | 算法","09:45  ","激情创业,奖金丰厚,五险一金","职责描述：","北京-朝阳区-大望路-光华路81号华贸写字楼1座","2018-08-13 14:33:55"
"证通股份","智能语音训练师","1k-2k","上海 ","经验应届毕业生","本科及以上","实习","大数据","2018-08-09  ","团队氛围好,工作有挑战","岗位职责：1、负责智能客服机器人知识库的设计与构建；2、负责智能客服机器人知识库的优化；3、负责行业数据的积累及内部研发所需的数据支持。岗位要求：1、毕业院校不限，金融、经济类专业优先，学历本科及以上；2、工作经历：有人工智能行业相关工作经验者优先；有金融业电话客服工作经验者优先。3、具备举一反三的能力、解决问题的能力；爱学习，有责任心；逻辑思维能力强； 对文字比较敏感。4、每周实习时间保证至少三天。","上海-浦东新区-金桥-新金桥路27号","2018-08-13 14:33:59"
"寻宝天行技术","人工智能算法工程师","20k-40k","北京 ","经验5-10年","本科及以上","全职","人工智能 | 机器学习 | 深度学习 | 算法","2018-07-16  ","六险一金,年底奖金,带薪年假,背景强大","一，职责描述","北京-朝阳区-北苑-北苑路86号","2018-08-13 14:34:03"
"联想集团LCIG 1","智能边缘计算高级研究员","20k-40k","北京 ","经验不限","硕士及以上","全职","算法 | Redis | Hadoop","09:33  ","五险一金,福利待遇好,发展前景好,周末双休","智能边缘计算高级研究员（band8）","北京-海淀区-西二旗-联想集团联想研究院","2018-08-13 14:34:08"
"信数金服决策引擎咨询部","高级咨询顾问（人工智能方向）","15k-30k","上海 ","经验1-3年","本科及以上","全职","银行 | 技术支持","09:37  ","公司氛围好,期权激励,行业前景好","工作职责：","上海-杨浦区-周家嘴路-昆明路739号文通大厦","2018-08-13 14:34:11"
"上汽通用汽车有限公司","人工智能开发应用工程师-上海","10k-15k","上海 ","经验3-5年","本科及以上","全职","人工智能","13:20  ","职业发展","工作职责:职责概述：负责智能驾驶人工智能系统的设计开发，实现Lv4-5无人驾驶。职责描述1. 负责人工智能应用软件的需求分析，设计，开发测试，部署，及维护。2. 负责软件系统界面设计、功能模块开发等。3. 负责软件系统核心功能模块进行调试、测试、文档撰写及新技术调研。4. 针对汽车使用场景需求，基于当前人工智能技术，寻求优化方案并改善用户体验。5. 根据汽车场景应用需求，开发并维护人工智能技术支撑平台及工具。任职资格:任职资格：1. 教育背景：全日制大学本科及以上学历，电子或汽车相关背景。2. 工作经验：具备人工智能领域开发工作经验。3. 知识技能：熟悉机器学习（Machine Learning），强化学习（Reinforcement Learning）4. 专业工具：熟悉Matlab，C等软件的应用，5. 素质能力：良好的沟通能力，压力承受能力，具备较强的创新能力，英语CET-6。","上海-浦东新区-巨峰路金穗路","2018-08-13 14:34:18"
"动脑科技","人工智能工程师讲师","10k-15k","长沙 ","经验1-3年","本科及以上","全职","教育","2018-08-07  ","五险一金,不加班,工作轻松,福利好","职位描述：","长沙-岳麓区-麓谷企业广场","2018-08-13 14:34:22"
"顺丰科技有限公司","机器学习与人工智能高级工...","20k-40k","深圳 ","经验5-10年","本科及以上","全职","人工智能 | 机器学习","09:50  ","互联网 集团公司 高薪","岗位职责：","深圳-南山区-南油-软件基地（滨海之窗附近）","2018-08-13 14:34:25"
"海知智能","人工智能对话产品经理","15k-30k","北京 ","经验不限","本科及以上","全职","游戏 | 游戏","3天前  ","人工智能,语音交互,数据驱动","人工智能对话产品经理（社招+校招；base：北京+上海）","北京-海淀区-北四环西路67号中关村国际创新大厦","2018-08-13 14:34:30"
"贝壳","智能监控算法工程师","25k-50k","北京 ","经验1-3年","本科及以上","全职","算法","09:24  ","15薪,大平台,三餐免费,健身房","工作职责:负责运维相关业务核心产品的机器学习和数据分析模型/策略/算法的设计负责利用历史数据通过模型预测未来趋势，及特征工程方向的深入研究负责从运维大数据中抽取关键信息，并为大规模复杂集群故障智能定位、决策提供数据支撑关注机器学习、数据挖掘、人工智能等方向前沿研究，并能将具体场景建模后与之结合快速工程化并落地任职资格:良好的计算机基础和算法设计和实现能力深刻理解机器学习和数据分析模型，并有实际的应用经验计算机、自动化、物理、数学等相关专业本科及以上学历","北京-海淀区-上地-开拓路11号福道大厦","2018-08-13 14:34:35"
"影子控股","人工智能产品经理","17k-34k","广州 ","经验3-5年","本科及以上","全职","人工智能","10:20  ","高薪,五险一金,带薪年假,发展空间大","职位描述：","广州-天河区-粤垦路607号力达广场A2座5、6、17、23、24层","2018-08-13 14:34:42"
"智慧芽商业职能部（BI）","销售绩效推动/激励（大数据...","10k-18k","上海 ","经验1-3年","本科及以上","全职","大数据 | 商业 | BI | 数据分析","3天前  ","业务分析,大数据,人工智能,BI","岗位职责：1、协助上级开展公司薪酬管理变革及后期维护，设计维护员工薪酬标准；2、建立和完善公司绩效管理制度、方案、流程，绩效指标库；3、提交绩效分析报告，推动公司相关工作的改进及优化；4、主导完成公司员工绩效考核工作，绩效投诉受理及协调处理；5、根据绩效结果进行员工奖金核算和发放；6、各项考核制度、流程的监督执行，协助和指导各部门开展考核工作任职要求：1、统招本科及以上学历，1年以上绩效管理相关工作经验2、了解绩效管理基础知识与实施流程，有兴趣在绩效管理模块深入发展； 3、具备高度的工作责任心，能以为工作进度和结果负责的心态投入工作； 4、愿意在压力下成长，能自我要求，对待工作一丝不苟、细致认真。5. 思维严谨，逻辑清晰，对事物有独立的分析和思考。6.擅于数据分析我们将提供：- 前沿的互联网大数据人工智能领军企业的成长机会；- 世界500强背景的管理团队乐于分享经验，帮助有理想、有热情的职场青年更上一层楼；- 以人为本的管理，舒适的外企办公环境；- 完善的员工保险和休假。额外，我们还将为您和您的孩子提供商业保险；- 丰富多彩的团建活动和各种健身比赛（如：桌球、乒乓球、狼人杀、打农药等）；- 工龄满4年的小伙伴，我们还会为您的父母每月发放1000元的赡养抚恤金。","上海-闸北区-天目西路-恒丰路568号恒汇国际大厦12F","2018-08-13 14:34:46"
"动脑科技","人工智能工程师讲师","10k-15k","长沙 ","经验1-3年","本科及以上","全职","教育","2018-08-07  ","五险一金,不加班,工作轻松,福利好","职位描述：","长沙-岳麓区-麓谷企业广场","2018-08-13 14:35:02"
"寻宝天行研发部","人工智能算法工程师","20k-40k","北京 ","经验3-5年","本科及以上","全职","人工智能 | 深度学习 | 图像处理 | 模式识别","2018-07-16  ","福利待遇好,六险一金,发展好,背景强大","一，职责描述","北京-朝阳区-北苑-北苑路86号","2018-08-13 14:35:08"
"智慧芽商业职能部（BI）","销售绩效推动/激励（大数据...","10k-18k","上海 ","经验1-3年","本科及以上","全职","大数据 | 商业 | BI | 数据分析","3天前  ","业务分析,大数据,人工智能,BI","岗位职责：1、协助上级开展公司薪酬管理变革及后期维护，设计维护员工薪酬标准；2、建立和完善公司绩效管理制度、方案、流程，绩效指标库；3、提交绩效分析报告，推动公司相关工作的改进及优化；4、主导完成公司员工绩效考核工作，绩效投诉受理及协调处理；5、根据绩效结果进行员工奖金核算和发放；6、各项考核制度、流程的监督执行，协助和指导各部门开展考核工作任职要求：1、统招本科及以上学历，1年以上绩效管理相关工作经验2、了解绩效管理基础知识与实施流程，有兴趣在绩效管理模块深入发展； 3、具备高度的工作责任心，能以为工作进度和结果负责的心态投入工作； 4、愿意在压力下成长，能自我要求，对待工作一丝不苟、细致认真。5. 思维严谨，逻辑清晰，对事物有独立的分析和思考。6.擅于数据分析我们将提供：- 前沿的互联网大数据人工智能领军企业的成长机会；- 世界500强背景的管理团队乐于分享经验，帮助有理想、有热情的职场青年更上一层楼；- 以人为本的管理，舒适的外企办公环境；- 完善的员工保险和休假。额外，我们还将为您和您的孩子提供商业保险；- 丰富多彩的团建活动和各种健身比赛（如：桌球、乒乓球、狼人杀、打农药等）；- 工龄满4年的小伙伴，我们还会为您的父母每月发放1000元的赡养抚恤金。","上海-闸北区-天目西路-恒丰路568号恒汇国际大厦12F","2018-08-13 14:35:12"
"猎云网内容事业部","资深记者（人工智能方向）","6k-12k","北京 ","经验1-3年","本科及以上","全职","媒体 | 编辑 | 记者 | 内容","3天前  ","扁平化管理,接触高人才,不打卡","岗位要求：","北京-朝阳区-酒仙桥中路24号楼1号院878东区11层","2018-08-13 14:35:23"
"耐思捷技术研发部","人工智能算法工程师","15k-25k","苏州 ","经验1-3年","本科及以上","全职","人工智能 | 算法","2018-07-17  ","人工智能,大数据,高成长,优厚待遇","岗位职责：","苏州-工业园区-2.5产业园A3幢301（东长路88号）","2018-08-13 14:35:37"
"思必驰科技","人工智能工程师（2019年校招）","13k-25k","苏州 ","经验应届毕业生","硕士及以上","实习","大数据 | 算法 | 数据分析","2018-08-06  ","人工智能,语音处理","工作内容：","苏州-工业园区-独墅湖-新平街388号腾飞创新园13号楼","2018-08-13 14:35:41"
"FunPlus 趣加游戏","算法工程师（人工智能方向）","25k-50k","北京 ","经验5-10年","本科及以上","全职","人工智能 | 机器学习 | 深度学习 | 算法","2018-07-31  ","爱心早餐,超长年假,上班不打卡,出国旅游","岗位职责：","北京-海淀区-融科资讯中心","2018-08-13 14:35:44"
"京东数据部","人工智能（AI）专家","25k-50k","上海 ","经验5-10年","硕士及以上","全职","机器学习 | 深度学习 | 算法","2018-08-06  ","大数据平台,数据专家","工作职责：","上海-长宁区-北新泾-淞虹路207号明基广场A座","2018-08-13 14:35:51"
"融易学教学事业部","AI人工智能讲师","13k-25k","深圳 ","经验3-5年","大专及以上","全职","教育 | 金融","2018-08-09  ","工作环境好,薪资福利高,晋升机会大,团队优秀","岗位职责：","深圳-南山区-大冲商务大厦A座2301","2018-08-13 14:35:55"
"贝壳","智能监控算法工程师","25k-30k","北京 ","经验1-3年","本科及以上","全职","算法","2018-08-06  ","免费三餐,扁平管理,发展空间,弹性工作","工作职责:负责运维相关业务核心产品的机器学习和数据分析模型/策略/算法的设计负责利用历史数据通过模型预测未来趋势，及特征工程方向的深入研究负责从运维大数据中抽取关键信息，并为大规模复杂集群故障智能定位、决策提供数据支撑关注机器学习、数据挖掘、人工智能等方向前沿研究，并能将具体场景建模后与之结合快速工程化并落地任职资格:良好的计算机基础和算法设计和实现能力深刻理解机器学习和数据分析模型，并有实际的应用经验计算机、自动化、物理、数学等相关专业本科及以上学历","北京-海淀区-上地-开拓路11号福道大厦","2018-08-13 14:35:58"
"科思创动研发中心","人工智能研发实习生","2k-4k","西安 ","经验应届毕业生","大专及以上","实习","算法 | 数据挖掘 | 数据分析","2018-07-30  ","人工智能,学术氛围,高手云集,毕业录用","工作要求：","西安-高新技术产业开发区-唐延南路中兴产业园主楼D区D308","2018-08-13 14:36:25"
"通联数据","人工智能平台开发工程师-...","15k-30k","上海 ","经验3-5年","硕士及以上","全职","平台 | 分布式 | Java | Hadoop","13:24  ","技术氛围浓,团队氛围佳","岗位职责","上海-虹口区-塘沽路463号华虹国际大厦","2018-08-13 14:36:31"
"乐视乐视","产品总监（人工智能、物联网）","30k-60k","北京 ","经验5-10年","本科及以上","全职","智能硬件 | 智能硬件","3天前  ","人工智能,物联网,IOT","岗位描述：1、 通过对智能场景、硬件与家庭社区的需求结合，通过产品为客户带来优质服务和体验。 2、 对智能家居、智能穿戴、消费电子、智能零售保持关注，把握未来的软硬件产品趋势和方向，提前布局和规划产品。 3、 管理产品生命周期和推进节奏，撰写产品需求及线上线下产品相关文档，并与技术团队高效配合，高效率、高质量地完成阶段性项目。","北京-朝阳区-朝阳公园-北京市朝阳区姚家园路105号乐视大厦✉","2018-08-13 14:36:37"
"海知智能项目部","人工智能项目经理","15k-25k","上海 ","经验3-5年","本科及以上","全职","项目管理","3天前  ","创新前沿,发展空间大,工作弹性,股票期权","工作职责","上海-浦东新区-张江-盛夏路570号","2018-08-13 14:36:41"
"金易桔子人工智能开发部","机器学习与人工智能高级工...","30k-50k","深圳 ","经验1-3年","硕士及以上","全职","大数据","2018-08-07  ","年终奖","基于各项业务的海量优质数据，进行数据分析、人工智能建模、训练，为业务的数据化智能化运营提供参考和具体应用 ","深圳-南山区-软件产业基地","2018-08-13 14:36:44"
"寻宝天行技术","人工智能算法工程师","20k-40k","北京 ","经验5-10年","本科及以上","全职","机器学习 | 深度学习 | 算法","2018-07-16  ","六险一金,年底奖金,带薪年假,背景强大","一，职责描述","北京-朝阳区-北苑-北苑路86号","2018-08-13 14:36:59"
"贝壳","智能监控算法工程师","25k-30k","北京 ","经验1-3年","本科及以上","全职","大数据 | 算法 | 数据挖掘","2018-08-01  ","免费三餐,扁平管理,发展空间,弹性工作","工作职责:负责运维相关业务核心产品的机器学习和数据分析模型/策略/算法的设计负责利用历史数据通过模型预测未来趋势，及特征工程方向的深入研究负责从运维大数据中抽取关键信息，并为大规模复杂集群故障智能定位、决策提供数据支撑关注机器学习、数据挖掘、人工智能等方向前沿研究，并能将具体场景建模后与之结合快速工程化并落地任职资格:良好的计算机基础和算法设计和实现能力深刻理解机器学习和数据分析模型，并有实际的应用经验计算机、自动化、物理、数学等相关专业本科及以上学历","北京-海淀区-北京市海淀区上地五街开拓路11号福道大厦","2018-08-13 14:37:04"
"欢聚时代（YY Inc）AI技术部","人工智能产品经理 (MJ001078)","20k-40k","广州 ","经验3-5年","本科及以上","全职","产品设计 | 产品策划","2018-08-02  ","福利多,平台大"," 岗位描述:","广州-番禺区-万博商务区万达广场B1座","2018-08-13 14:37:11"
"山河泰研发中心","研发总监（人工智能）","20k-40k","成都 ","经验不限","学历不限","全职","软件开发 | 系统集成 | 架构师","2018-07-30  ","周末双休,五险一金,带薪休假,环境好","1、制定人工智能方向尤其是数据智能处理与融合技术、项目与产品发展规划，组建技术团队；","成都-高新区-天府二街368号绿地之窗2号楼12楼","2018-08-13 14:37:14"
"华为杭州研究所","人工智能算法工程师","20k-40k","杭州 ","经验不限","本科及以上","全职","机器学习 | 深度学习 | 算法 | 架构师","2018-08-02  ","高薪","负责人工智能相关算法、算子、模型训练及预测、编译器、调试调优工具等的设计与开发，充分提升性能优化和算法性能优化效率","杭州-滨江区-长河-江虹路410号华为技术有限公司杭州研究所","2018-08-13 14:37:17"
"美团点评外卖配送部","资深机器学习工程师-外卖...","30k-50k","北京 ","经验3-5年","本科及以上","全职","大数据 | 算法 | 数据挖掘 | 数据分析","10:29  ","健身房食堂,免费班车,企业独角兽","资深数据挖掘工程师/专家职位描述1. 配送费定价算法建模和开发2. 消费者供给端建模和研究3. 商家配送范围规划研究和开发职位要求1. 3年以上工作经验，计算机系、软院、自动化系。2. 熟悉hadoop、hive、Spark等大数据平台3. 熟悉线上开发流程, 具有一定线上开发经验, 熟悉java者优先4. 优秀的逻辑思维能力和业务需求分析能力，较好的沟通交流能力，善于主动思考和行动5. 有机器学习、数据挖掘、运筹学背景者优先6. 有商业变现、定价相关经验值优先资深机器学习专家岗位职责：负责外卖配送环节涉及到的策略相关工作，如时间预估、骑手语音识别、外卖配送的知识图谱构建等这里有海量的数据、强大的计算资源，可以让你的idea变成现实这里扁平，沟通顺畅，平等各抒己见。这里是专业的机器学习团队，能够真正学习到机器学习、人工智能是如何在策略工作中发挥巨大作用，而不是简简单单的跑跑数据、列列表格。工作要求：（0）工作3年以及以上，对于机器学习领域有丰富项目经验。（1）对机器学习有比较扎实的基本功，深入了解常用算法原理、应用场景，能够用之解决问题（2）良好的数据结构和算法基础，具有较强编码能力（3）对数据敏感，逻辑思维清晰，能够很好的理解业务需求，根据要求建立模型（4）熟悉了解python常用的算法库，sklearn、keras、numpy、pandas等。（5）对深度学习、增强学习有经验者优先，对spark、hadoop熟悉者优先。算法工程师/专家职位描述1. 配送相关算法研发和线上优化2. 业务问题分析和针对性建模3. 算法工程架构设计和开发4. 大规模机器学习平台、数据平台建设职位要求1. 2年以上算法开发经验2. 了解数据分析、挖掘和机器学习算法3. 优秀的开发能力（Java/SQL/Scala)， 精通大数据开发平台（Hadoop/Hive/Spark/Storm)4. 有相关算法架构、数据平台、算法平台工作经验优先运筹优化算法技术专家 职责描述： 美团外卖每日超过1800万订单，五十万骑手，是全球最大的外卖平台，发展潜力巨大。外卖订单的配送过程涉及的因素多、关系复杂、实时性要求高，存在着大量的复杂策略优化问题，包括路径规划、订单分配、动态定价、排班、配送网络优化等等。业务复杂，算法设计难度大。本岗位结合美团外卖配送的业务场景和积累的大量业务数据，以 数据分析+运筹优化+机器学习 为主要技术手段，和小伙伴们一起，挖掘技术的应用场景，构建高度智能动态的即时配送系统。 任职要求： 具备较强的业务理解和数学建模能力，能快速理解问题、抽象并设计解决方案 具有运筹优化或机器学习项目的相关经验，对如何利用技术来驱动业务发展有清晰的认识 有丰富的算法设计与开发经验，熟悉至少一种编程语言，熟悉算法的开发、应用与迭代过程 对数据敏感，能够从数据中发现问题并追踪原因 具有较强学习能力、自我驱动能力、责任感和团队协作能力 有带领团队经验者优先 有过相关研究和一流论文发表经验者优先 ","北京-朝阳区-望京-望京科创大厦","2018-08-13 14:37:20"
"精益汇智设计部","产品经理（智能制造方向）","10k-20k","北京 ","经验3-5年","本科及以上","全职","大数据 | 智能硬件 | 项目管理","11:33  ","五险一金,带薪年假,年终奖金,晋升空间大","您的工作","北京-海淀区-万柳-上地西路28号时代集团A座二层","2018-08-13 14:37:22"
"心理邦","人工智能主编","5k-8k","济南 ","经验1-3年","本科及以上","全职","移动互联网 | 媒体 | 目标管理 | 运营管理 | 创业","2018-08-07  ","人工智能媒,活动多,前沿科技","负责人工智能方向的科技公司、创业公司、投资机构等领域的新闻采写工作。","济南-市中区-绿地中心","2018-08-13 14:37:26"
"地平线机器人","项目经理-智能驾驶","15k-30k","上海 ","经验不限","学历不限","全职","项目管理 | 过程管理","10:38  ","智能驾驶","工作职责:工作职责·全面负责从立项到完成项目交付的全过程项目管理和客户沟通；·联动多部门及角色确认实施方案，收集和明确需求，保证各项资源投入包括但不局限人力资源，高效任务拆解，对项目进度进行控制和管理；·制定项目目标、成本及预算，并在过程中进行监督和管理；·定期分析和汇总项目状态绩效，提交项目实施内外部阶段报告，多阶段项目状态总结管理；·不断优化项目管理流程与工具，提高跨部门，跨地域，跨公司项目团队的执行效率；任职资格:职位要求·本科及以上学历，软件、电子等专业背景；·良好的沟通技能，团队协作能力，和解决实际问题的能力；·良好的英语沟通能力；·热爱汽车、智能驾驶和人工智能。加分项·有车企或汽车零部件供应商工作经历；·具备ACP，PMP证书。","上海-嘉定区-安亭-安拓路56弄汽车创新港15栋1单元","2018-08-13 14:37:29"
"平安科技","人工智能产品经理（AI）（上海）","15k-30k","上海 ","经验不限","硕士及以上","全职","大数据 | 金融 | 数据分析 | 金融","10:23  ","世界50强,带薪年假,节日福利,绩效丰厚","岗位职责：","上海-浦东新区-东外滩-崂山路316号","2018-08-13 14:37:33"
"第四范式平台业务","人工智能产品经理(市场侧)","15k-30k","北京 ","经验1-3年","本科及以上","全职","产品设计 | 用户研究","14:30  ","大牛","工作职责：1、负责市场及用户研究，发现并掌握目标市场和用户需求的变化趋势，并进行收集、汇总、更新2、 负责针对不同行业不同业务场景的市场侧竞争分析，输出相应成果3、参与设计并运营人工智能服务型产品输出，帮助专家级咨询能力落地触达企业用户4、配合产品设计团队，推进并完善产品侧输出相关文档工具的内容、结构及用途任职要求：1、 全日制本科及以上学历，计算机或数学相关专业背景2、2年以上产品/产品市场相关经验，或1年以上人工智能/机器学习产品相关经验3、具备机器学习、数学建模或模型应用的相关专业背景或工作经验优先4、具备企业级软件产品经验者优先","北京-海淀区-上地颐泉汇A座303","2018-08-13 14:37:36"
"阿里巴巴-平台技术事业群阿里巴巴人工智能实验室","阿里人工智能实验室-Java...","25k-50k","北京 ","经验3-5年","本科及以上","全职","后端 | 服务器端 | 分布式 | Java","12:27  ","人工智能,黑科技","1. 负责人工智能实验室的产品架构、规划、设计、开发； 包括黑科技的产品化落地、领域建设、行业建设、AR开放平台、AliGenie开放平台、引擎管理等。","北京-朝阳区-金辉大厦","2018-08-13 14:37:38"
"震坤行","人工智能算法工程师","10k-15k","上海 ","经验1-3年","大专及以上","全职","人工智能 | 算法","2018-08-09  ","五险一金,带薪年假,节假日福利,融洽的氛围","岗位职责：","上海-浦东新区-张江-科苑路399号张江创新园5号楼","2018-08-13 14:37:41"
"贪心科技","人工智能导师","40k-80k","北京 ","经验3-5年","硕士及以上","兼职","算法 | 数据挖掘","2018-08-07  ","人工智能,指导学员,项目式学习,企业培训","贪心科技是一家成立于美国洛杉矶的人工智能公司。我们旗下的贪心学院是国内首家以AI和大数据内容为主的自适应学习平台。我们提供最专业、最标准化的AI课程体系，并通过人工智能技术给每一位用户提供量身定做的个性化学习路径。","北京-朝阳区-望京广顺北大街36号梦想加空间3层","2018-08-13 14:37:44"
"好未来工程研发中心","人工智能算法研究员/架构师","20k-40k","北京 ","经验3-5年","本科及以上","全职","数据挖掘","10:25  ","团队大牛,上市公司,福利优厚","任职资格：","北京-海淀区-中关村-丹棱街6号丹棱soho16层","2018-08-13 14:37:47"
"焦点科技","AI工程师（人工智能实验室）","15k-20k","南京 ","经验1-3年","硕士及以上","全职","人工智能 | 语音识别","2018-08-08  ","大平台,团队大牛","业务介绍：","南京-浦口区-沿江-高新区星火路软件大厦A座","2018-08-13 14:38:02"
"电享 PowerShare产品市场部","人工智能产品经理","13k-25k","苏州 ","经验3-5年","本科及以上","全职","云计算","10:37  ","大牛多,环境优美,高端客户,海外市场","岗位职责：","苏州-工业园区-独墅湖-星湖街328号创意产业园15栋","2018-08-13 14:38:04"
"大讲台教学部","python、人工智能讲师","6k-12k","北京 ","经验1-3年","本科及以上","全职","算法 | 数据分析","2018-08-09  ","股票期权,晋升空间,高薪,扁平管理","岗位职责： 1、负责Python课程体系设计和完善； 2、负责Python人工智能等课程的讲授； 3、完成领导交办的其它工作任职要求： 1. 有1年以上Python编程经验； 2. 有数学基础和算法基础3. 有较强的语言表达能力，有讲师经验优先考虑。","北京-海淀区-花园桥-北京市海淀区车公庄西路甲19号","2018-08-13 14:38:07"
"北京八维研修学院","人工智能项目经理","20k-35k","北京 ","经验3-5年","学历不限","全职","算法 | 人工智能 | 机器学习 | 深度学习","08:50  ","五险一金,稳定平台,技术提升","职责描述：","北京-海淀区-上地-上地软件园南路57号","2018-08-13 14:38:12"
"北京八维研修学院","人工智能项目经理","20k-35k","北京 ","经验3-5年","学历不限","全职","算法 | 人工智能 | 机器学习 | 深度学习","08:50  ","五险一金,稳定平台,技术提升","职责描述：","北京-海淀区-上地-上地软件园南路57号","2018-08-13 14:38:14"
"咪咕次元事业部","人工智能开发工程师（视频类）","30k-40k","厦门 ","经验3-5年","本科及以上","全职","视频 | 人工智能 | 模式识别 | 算法","09:18  ","高薪,高福利,高颜值","任职资格：","厦门-思明区-软件园二期望海路8号","2018-08-13 14:38:18"
"光启集团公共安全中心","人工智能算法工程师","17k-34k","深圳 ","经验3-5年","本科及以上","全职","人工智能 | 机器学习 | 计算机视觉 | 图像处理","2018-08-06  ","上市公司,技术大牛多,核心大项目,发展空间大","岗位职责:","深圳-南山区-软件大厦","2018-08-13 14:38:21"
"智光一创云平台产品技术部","人工智能算法工程师","8k-16k","广州 ","经验不限","本科及以上","全职","人工智能 | 深度学习 | 大数据 | 云计算","2018-08-06  ","云平台,人工智能,算法,大数据","岗位职责：","广州-黄埔区-广州市黄埔区瑞和路89号智光综合能源产业园","2018-08-13 14:38:24"
"AI考拉技术部","人工智能工程师（知识图谱...","15k-20k","广州 ","经验不限","学历不限","全职","大数据 | 金融 | 人工智能 | 机器学习 | 算法","11:58  ","技术大牛 扁平管理 弹性工作 五险一金","工作职责： ","广州-海珠区-客村-新港中路艺苑南路13号大院5栋201-1室","2018-08-13 14:38:27"
"瑞为智能","项目经理（人工智能）","10k-20k","深圳 ","经验5-10年","本科及以上","全职","项目管理 | PMP","2018-08-03  ","AI行业,前景好,扁平化,文化好","岗位职责：","深圳-南山区-科技园-科技园科苑路南京大学产学研基地B区103室","2018-08-13 14:38:30"
"一起科技AI","机器学习/人工智能方向实...","5k-9k","北京 ","经验不限","本科及以上","实习","人工智能 | 机器学习","1天前  ","独角兽,待遇好",,"北京-朝阳区-望京-望京绿地中心B座","2018-08-13 14:38:34"
"杭州线条科技技术研发部","人工智能开发实习工程师","6k-12k","杭州 ","经验1年以下","硕士及以上","实习","人工智能 | 深度学习 | NLP | 媒体 | 视频","2018-07-31  ","技术大牛,业界前沿,全球化,时间弹性"," 我们正在正在开发一个全球化的视频翻译平台","杭州-余杭区-文一西路海创科技中心4幢607","2018-08-13 14:38:38"
"和信贷智能投顾部","量化交易人工智能算法工程师","25k-30k","北京 ","经验3-5年","本科及以上","全职","大数据 | 算法 | 数据挖掘","10:14  ","弹性工作制,扁平化管理,员工旅游,每月团建","工作职责:1、参与大数据平台的建设与优化工作；2、利用大数据平台和其他工具进行数据的收集、存储和清洗；3、参与基于大数据+人工智能的舆情监控、量化回测、智能选股、风控系统的设计与开发；任职资格:1.统计、大数据专业优先，有量化交易、智能投顾项目经验或专著者可放宽专业要求；2.两年及以上工作年限，熟悉Hadoop生态环境，熟练Saprk；","北京-朝阳区-CBD-建国路甲92号世茂大厦C座13层","2018-08-13 14:38:41"
"鱼说科技产品部","产品经理（AI人工智能）","10k-16k","成都 ","经验3-5年","本科及以上","全职","产品设计 | 产品策划 | 数据分析 | 结构设计","2天前  ","周末双休,节日福利,年终奖金,行业地位","岗位职责：          1、规划计算机视觉、机器学习及人工智能开放平台产品，设计产品功能，并对产品交付负责；2、负责计算机视觉、机器学习及人工智能开放平台的各个生命周期，对用户负责，产出安全、稳定、易用和低成本的产品；3、在产品预研、开发、发布和迭代的过程中负责各个关联团队之间的交流与合作，确保合作的畅通与高效；4、完成计算机视觉、机器学习及人工智能开放平台商业化相关工作，支持业务团队完成营收目标；5、进行计算机视觉、机器学习及人工智能开放平台市场调研与竞争对手分析 ；              6、推动现有计算机视觉、机器学习等技术在各产品线业务中落地；7、根据现有业务数据，负责用户画像；8、分析业务数据，处理各产品线的人工智能算法应用上的反馈。岗位要求:1、有企业级人工智能设计经验，兼有互联网产品设计经验者优先；2、以前有过A/B测试，数据挖掘工具、模型管理平台设计和使用经验的人优先；3、有较强的场景抽象能力，有计算机视觉、机器学习及人工智能开放平台工作经验者优先；4、熟悉各行业大数据应用场景，有数据仓库、计算机视觉，机器学习等方面的工作经验者优先；5、善于沟通，有极强的跨团队协作能力和执行力。【能力要求】1、对计算机视觉、机器学习和大数据处理感兴趣，熟悉其中一项或者多项；2、对人工智能相关的产品和业务有自己的思考和洞察； 3、2年以上互联网产品工作经验，能够了解机器学习应用原理和业务；4、较强的好奇心和创新精神，善于沟通和推进项目；5、具备一定的审美能力，能够规划视觉类的产品。","成都-武侯区-益州大道777号中航国际交流中心A座1406（孵化园站）","2018-08-13 14:38:44"
"遂意","技术总监（人工智能方向）","40k-60k","杭州 ","经验5-10年","本科及以上","全职","大数据 | 云计算 | 系统架构 | 安全专家 | 架构师 | 运维管理","2018-07-16  ","五险一金,双休","团队来自中科院计算机博士、海归研究生；主要从事AI图像影音识别，大数据分析，深度解析领域！","杭州-上城区-小营-上城区地铁口","2018-08-13 14:38:47"
"遂意","技术总监（人工智能方向）","40k-60k","杭州 ","经验5-10年","本科及以上","全职","大数据 | 云计算 | 系统架构 | 安全专家 | 架构师 | 运维管理","2018-07-16  ","五险一金,双休","团队来自中科院计算机博士、海归研究生；主要从事AI图像影音识别，大数据分析，深度解析领域！","杭州-上城区-小营-上城区地铁口","2018-08-13 14:39:02"
"达闼科技PMM","AI（人工智能）项目经理","15k-30k","北京 ","经验3-5年","本科及以上","全职","PMP | PMO | 项目管理","2018-08-03  ","行业前景好,公司潜力大,发展空间大,福利待遇佳","岗位职责：","北京-朝阳区-望京-望京soho塔3A座23层","2018-08-13 14:39:06"
"北京深度奇点研发部","人工智能研发工程师（实习岗）","6k-12k","北京 ","经验不限","硕士及以上","兼职","软件开发","2018-07-17  ","人工智能,机器人,专家带团","岗位职责：1、辅助进行软件功能模块设计，包括概要设计、详细设计、代码实现、单元测试、集成测试、满足开发需求。2、辅助负责深度神经网络的训练数据的采集和生成，完成深度神经网络的训练，并对训练结果进行分析、评估和优化。3、辅助参与项目技术攻关，促进技术疑难问题的解决；4、辅助结合应用场景, 综合考虑业务/数据/算法等因素,持续改进和优化产品性能。","北京-海淀区-知春路-知春路盈都大厦C座2单元5B","2018-08-13 14:39:10"
"小米人工智能与云平台","安全运营-人工智能云平台","12k-24k","北京 ","经验1-3年","本科及以上","全职","信息安全 | 媒体","3天前  ","六险一金,带薪年假,年终奖金,班车餐补","安全运营","北京-海淀区-西三旗-小米总部","2018-08-13 14:39:15"
"奇点云产品部","产品经理（智能门店方向）","15k-30k","杭州 ","经验3-5年","本科及以上","全职","产品设计","2018-08-09  ","不打卡,带薪年假,定期体检,股票期权","岗位描述：","杭州-余杭区-杭州余杭区仓前街道仓兴街1号23幢","2018-08-13 14:39:18"
"roobo","智能玩具产品经理","15k-30k","北京 ","经验3-5年","本科及以上","全职","教育 | 智能硬件 | 智能硬件 | 教育","10:07  ","优秀团队，弹性上班，福利好",,"北京-东城区-朝阳门-银河soho","2018-08-13 14:39:21"
"京东金融","资深产品经理（智能解决方案）","20k-40k","北京 ","经验5-10年","硕士及以上","全职","项目管理","11:55  ","班车,餐补","岗位职责：","北京-大兴区-京东总部","2018-08-13 14:39:27"
"亿欧原创作者","作者（人工智能栏目和生活...","5k-7k","北京 ","经验1年以下","本科及以上","全职","编辑 | 记者","2018-08-09  ","带薪年假,带薪旅游,平台好,发展空间大","1、负责亿欧旗下网站内容日常更新与维护","北京-朝阳区-亮马桥-霞光里9号中电发展大厦B座2层","2018-08-13 14:39:33"
"捷通华声","产品经理（人工智能）","15k-30k","北京 ","经验1-3年","本科及以上","全职","企业服务","10:28  ","公司氛围好 技术大拿多 项目奖金","北京捷通华声科技股份有限公司成立于2000年，是一家专注于智能语音、智能图像、语义理解等人工智能技术的研究与应用的高新技术企业。公司率先推出了全球首个全方位人工智能开放平台—灵云平台（aicloud.com），将语音交互、图像识别、语义理解、生物特征识别等技术完美整合，实现并提供全方位一体化的人工智能技术解决方案与服务，并在滴滴打车、携程、京东、小米、百度、农业银行、中信银行、太平洋保险、奔驰等多家知名企业得到广泛应用。2013年，清华大学产业基金入资捷通华声，成为公司第二大股东，随后双方共同创立“清华灵云人工智能研究中心”。    ","北京-海淀区-西二旗-中关村软件园2A楼2101","2018-08-13 14:39:38"
"科大讯飞","人工智能教研工程师","2k-4k","合肥 ","经验应届毕业生","本科及以上","实习","人工智能","2018-07-30  ","环境好","【岗位职责】1、负责高中人工智能课程开发制作，如教学设计、教学课件编辑、人工智能创新实验设计等；2、负责课程的入校打磨和教师培训。【任职要求】1、本科及以上学历，人工智能、信息技术、师范类相关专业优先；2、责任心强，细心，较强的学习能力和沟通能力；3、熟练使用office等办公软件。","合肥-高新区-望江西路666号","2018-08-13 14:39:41"
"深圳国泰安合肥分公司","人工智能算法工程师","10k-15k","合肥 ","经验1-3年","硕士及以上","全职","人工智能 | 机器学习 | 深度学习 | NLP","2018-07-30  ","学习机会多,福利待遇好,五险一金,双休加班少","岗位职责：","合肥-高新区-创新大道与云飞路交口创新产业园二期G2栋","2018-08-13 14:39:44"
"Remark HoldingsR&D","项目经理（智能楼宇方向）","15k-25k","成都 ","经验5-10年","本科及以上","全职","项目管理","10:44  ","六险一金,年底双薪,年终绩效,股票期权","职责描述：","成都-武侯区-都市高新区天仁路388号凯德天府办公楼15楼","2018-08-13 14:39:47"
"探迹研发部","高级爬虫工程师-大数据人...","15k-30k","广州 ","经验3-5年","本科及以上","全职","分布式 | 爬虫 | 数据 | 大数据 | 产品 | Java","09:39  ","大数据AI,扁平管理,五险一金,期权激励","工作职责：","广州-番禺区-大学城-数字家庭研发中心一期研发大厦","2018-08-13 14:39:52"
"墨云科技管理团队","首席科学家（人工智能领域）","30k-60k","北京 ","经验5-10年","硕士及以上","全职","信息安全 | 合伙人","00:30  ","股票","岗位职责：","北京-海淀区-上地-上地五街中关村发展大厦A315","2018-08-13 14:39:55"
"核音智言产品","人工智能产品经理","10k-15k","西安 ","经验3-5年","本科及以上","全职","大数据 | 移动互联网 | 产品设计 | 需求分析 | 项目管理 | 产品策划","11:57  ","学习机会多,发展空间大,工作有趣,工作氛围好",,"西安-曲江新区-翠华南路1688号创客大街创意盒子3F308","2018-08-13 14:39:58"
"捷通华声","技术支持工程师（人工智能）","15k-25k","北京 ","经验1-3年","本科及以上","全职","云计算 | 大数据 | 运维","10:28  ","人工智能,项目奖金","职位描述：","北京-海淀区-中关村软件园2A楼2101","2018-08-13 14:40:13"
"京东集团AI平台","产品市场经理（人工智能方向）","30k-50k","北京 ","经验5-10年","本科及以上","全职","电商","2018-07-20  ","发展空间,战略规划","作为京东AI平台及研究部人工智能产品市场经理，根据市场分析、AI技术发展，结合京东业务特点，进行AI产品市场分析及策略制定；负责AI产品的整体Go-to-market策略制定及推动执行，包括面向客户、合作伙伴，及营销推广等相关工作。","北京-朝阳区-亚运村-北辰世纪中心A座","2018-08-13 14:40:16"
"拓普网络产品部","人工智能产品规划","15k-20k","郑州 ","经验1-3年","本科及以上","全职","搜索 | 建模 | 语音识别 | 语音合成","2018-08-07  ","五险一金,周末双休,班车接送,年终双薪","岗位职责：","郑州-金水区-中州大道杨金路199号新科技市场7号楼","2018-08-13 14:40:19"
"探迹产品部门","产品经理-大数据人工智能产品","12k-24k","广州 ","经验1-3年","本科及以上","全职","大数据 | 数据","09:39  ","大数据AI,带薪年假,期权激励,五险一金","工作职责：","广州-番禺区-大学城-数字家庭研发中心一期研发大厦","2018-08-13 14:40:22"
"平安科技","人工智能产品经理（AI）（深圳）","15k-30k","深圳 ","经验不限","硕士及以上","全职","大数据 | 金融 | 数据分析 | 金融","10:23  ","世界50强,带薪年假,节日福利,绩效丰厚","岗位职责：","深圳-福田区-八卦岭八卦三路平安大厦","2018-08-13 14:40:25"
"阿里巴巴大优酷","人工智能算法工程师 / 机...","25k-50k","北京 ","经验3-5年","本科及以上","全职","本地生活 | 电商 | 算法 | 数据仓库 | 数据挖掘","3天前  ","大平台,大空间","1. 在物流行业向科技化智能化转型的节点，借助AI与大数据能力为同城物流多种应用场景赋能。","北京-海淀区-学院路-学院路","2018-08-13 14:40:32"
"零壹互联大数据与人工智能部","人工智能产品经理","15k-30k","深圳 ","经验3-5年","本科及以上","全职","移动互联网","2018-08-09  ","人脸识别,视频结构化","工作职责：","深圳-龙华新区-星河领创天下二期3楼","2018-08-13 14:40:35"
"元气知药技术部","人工智能产品助理（实习生）","3k-5k","北京 ","经验不限","硕士及以上","实习","大数据 | 医疗健康 | 数据分析 | 数据 | BI","2018-07-30  ","Boss牛,产品方向好,团队氛围好,和牛人一起","岗位职责：","北京-海淀区-学院路-知春路7号北航致真大厦","2018-08-13 14:40:38"
"魅瞳科技产品部","人工智能产品经理","9k-18k","武汉 ","经验3-5年","本科及以上","全职","视频 | 硬件制造","2018-08-09  ","股权激励,人工智能,精英团队,科技前沿","基本要求：","武汉-东湖新技术开发区-光谷-光谷软件园E3栋703室","2018-08-13 14:40:42"
"光启集团公共安全中心","人工智能算法研究员","20K-40K","深圳 ","经验1-3年","硕士及以上","全职","机器学习 | 深度学习 | NLP | 图像处理","2018-08-06  ","上市公司,技术大牛,核心项目,发展空间大","岗位职责:","深圳-南山区-软件大厦","2018-08-13 14:40:47"
"厦门身份宝网络科技有限公司","人工智能算法工程师","9k-18k","厦门 ","经验1-3年","本科及以上","全职","人工智能 | 机器学习 | 计算机视觉 | 图像处理","2018-07-26  ","国企,六险一金,补贴","岗位职责：1.负责深度学习，强化学习平台的选型，框架搭建，开发及优化；2.完成机器学习/深度学习/人工智能相关算法实现，算法优化和性能评估；3.参与核心代码的书写，解决项目开发过程中的重大技术问题；4.进行人工智能相关前沿算法的研究，包括机器学习、知识应用、智能决策等技术的研究。任职要求：1.掌握机器学习/深度学习等相关知识，有该领域算法的研究或开发经验；2.熟悉深度神经网络的常用模型（CNN、RBN、RCNN、DNN等），并熟悉算法的应用场景和优化方法；3.能够熟练使用Caffe、Theano、Torch、Tensorflow等任一种主流的深度学习框架；4.熟练掌握常用的统计机器学习算法（神经网络、逻辑回归、决策树、SVM、Boosting等）。","厦门-思明区-软件园二期观日路44号6楼","2018-08-13 14:40:53"
"Entrobus数据研发部","数据产品经理（人工智能方向）","20k-30k","广州 ","经验3-5年","本科及以上","全职","大数据 | 数据分析","11:27  ","五险一金,节假日福利,团建活动,地铁周边","岗位职责：","广州-番禺区-大学城-广州大学城信息枢纽楼6层熵商科技","2018-08-13 14:40:58"
"S先生产品","人工智能产品助理","6k-12k","上海 ","经验1年以下","本科及以上","全职","产品设计 | 用户研究 | 需求分析","2018-07-23  ","前沿领域,行业领先,高速成长,大牛指导","职责","上海-黄浦区-外滩-外滩","2018-08-13 14:41:01"
"roobo技术部","智能语音产品经理","30k-45k","北京 ","经验5-10年","本科及以上","全职","产品策划","10:07  ","优秀团队,办公环境,前沿科技","职位描述：","北京-东城区-朝阳门-银河soho","2018-08-13 14:41:05"
"sankobot算法研究部","高级算法工程师（人工智能）","25k-40k","上海 ","经验1-3年","硕士及以上","全职","人工智能 | 机器学习 | 计算机视觉 | 图像处理","3天前  ","AI,人工智能,算法,深度学习","岗位职责：","上海-浦东新区-张江-祖冲之路1505弄100号3栋6层","2018-08-13 14:41:11"
"探迹销售部","大客户销售经理-大数据人...","10k-20k","广州 ","经验1-3年","本科及以上","全职","大数据 | 金融 | 销售 | KA","09:39  ","大数据,人工智能,晋升空间大,前沿科技","工作地点：上海","广州-番禺区-大学城-数字家庭研发中心一期研发大厦","2018-08-13 14:41:26"
"捷通华声","数据处理专家（人工智能、大...","25k-50k","北京 ","经验5-10年","本科及以上","全职","大数据 | Hadoop | NLP | 数据挖掘 | 数据分析","10:28  ","五险一金、绩效工资、项目奖金、半年调薪","职位描述：","北京-海淀区-西二旗-中关村软件园2A楼2101","2018-08-13 14:41:32"
"遥望网络销售部","渠道经理（人工智能）","10k-20k","杭州 ","经验3-5年","本科及以上","全职","渠道 | 商务拓展 | 代理商","2018-07-23  ","发展空间,人工智能","岗位描述: ","杭州-余杭区-文一西路1382号遥望大厦11楼","2018-08-13 14:41:35"
"深思考人工智能机器人研发部","数据整理及产品测试（人工...","6k-10k","北京 ","经验不限","本科及以上","全职","测试","09:56  ","新型测试职,AI项目,NLP相关,AI产品","岗位职责：","北京-海淀区-上地-上地信息路12号中关村发展大厦B座203","2018-08-13 14:41:38"
"核音智言产品","人工智能产品经理","10k-15k","西安 ","经验3-5年","本科及以上","全职","大数据 | 移动互联网 | 产品设计 | 需求分析 | 项目管理 | 产品策划","11:57  ","学习机会多,发展空间大,工作有趣,工作氛围好",,"西安-曲江新区-翠华南路1688号创客大街创意盒子3F308","2018-08-13 14:41:41"
"Remark HoldingsR&D","项目经理（智能楼宇方向）","20k-30k","杭州 ","经验5-10年","本科及以上","全职","项目管理","10:44  ","六险一金,年底双薪,年终绩效,股票期权","职责描述：","杭州-余杭区-仓前-仓前欧美金融城美国中心21F","2018-08-13 14:41:45"
"爱奇艺","广告反作弊及智能监控算法...","20k-40k","北京 ","经验3-5年","本科及以上","全职","广告营销 | 大数据 | 算法 | 数据挖掘 | 数据分析","3天前  ","大平台,福利好,氛围好,14薪","岗位职责： 1. 应用机器学习、图模型、规则引擎等技术，设计和研发广告反作弊系统，实现投放前作弊流量过滤，并不断提升算法效果，自动发现和识别新的作弊模式2. 基于时间序列挖掘、归因分析等人工智能技术，构建异常检测系统，通过挖掘线上的广告日志数据，实时检测线上异常事件和事故，并进行精准的根因定位3. 运营日常反作弊和异常检测业务，分析和解决其他技术产品部门反馈的Case任职要求： 1. 本科及以上学历，计算机或相关专业 2. 熟悉至少一种主流开发语言（Java、Python、C++等），熟悉Linux系统 3. 熟悉Hadoop、Hive等大数据框架和工具，熟练掌握SQL查询语言，有大数据开发项目经验者优先 4. 熟悉常见的机器学习、数据挖掘的算法原理，熟悉概率统计理论5. 数据敏感，数据分析、归纳能力强；具有实际的数据建模、数据挖掘、机器学习工作经验者优先6. 具有良好的沟通能力及团队协作精神，有较强的分析和解决问题的能力","北京-海淀区-中关村-海淀北一街2号爱奇艺创新大厦","2018-08-13 14:41:49"
"紫帆","产品经理（智能护肤方向）","10k-15k","深圳 ","经验1-3年","本科及以上","全职","产品设计 | 智能硬件 | 项目管理 | 需求分析","2018-08-07  ","扁平管理,海归团队,零食管够,90后",,"深圳-南山区-前海-前海深港青年梦工场","2018-08-13 14:41:53"
"宇态控股技术中心","高级算法工程师（人工智能）","20k-40k","广州 ","经验不限","硕士及以上","全职","视频 | 人工智能 | 深度学习 | 算法","10:14  ","发展平台好,领导亲和,团队氛围好,个性化发展","岗位职责：","广州-越秀区-东风-东风中路300号之一金安大厦16楼","2018-08-13 14:41:57"
"字节跳动","智能客服产品经理","20k-35k","北京 ","经验1-3年","本科及以上","全职","产品设计 | 产品策划","11:27  ","六险一金，弹性工作，免费三餐，租房补贴，休闲下午茶，扁平管理，团队氛围好",,"北京-海淀区-北京市海淀区北三环西路43号中航广场","2018-08-13 14:42:01"
"地平线机器人智能驾驶业务部","实习生-应用工程师（智能驾...","4k-7k","深圳 ","经验应届毕业生","本科及以上","实习","智能硬件","10:38  ","弹性工作,实习补助,员工福利,商业保险","岗位职责：","深圳-南山区-科技园-科苑路","2018-08-13 14:42:05"
"饿了么BDI大数据部","资深算法工程师／算法专家（...","23k-46k","上海 ","经验1-3年","硕士及以上","全职","机器学习 | 深度学习 | NLP | 算法","2018-08-08  ","人工智能，机器学习领域大神等你一起来玩耍","职责描述：","上海-普陀区-长征-金沙江路1518弄近铁城市广场北座4楼401室","2018-08-13 14:42:09"
"天润融通","JAVA架构师-智能客服产线","30k-40k","北京 ","经验5-10年","本科及以上","全职","平台 | 后端","09:14  ","三板上市,班车接送,扁平化管理,五险一金","职责描述：","北京-大兴区-亦庄-北工大软件园","2018-08-13 14:42:13"
"云之讯语音业务部","产品经理(在线人工智能方...","12k-20k","深圳 ","经验3-5年","学历不限","全职","视频 | 产品设计 | 视频","08:55  ","B轮3亿,公司平台大,项目前景好,薪酬福利佳","岗位职责：","深圳-南山区-科技园高新南四道18号创维半导体设计大厦东座19楼","2018-08-13 14:42:17"
"Aibee产品部","产品经理（人工智能产品原...","15k-25k","北京 ","经验不限","本科及以上","全职","项目管理 | QA","2天前  ","初创公司,扁平管理","工作职责","北京-海淀区-上地-上地三街金隅嘉华大厦B座1201","2018-08-13 14:42:22"
"探迹销售部","大客户销售经理-大数据人...","10k-20k","广州 ","经验1-3年","本科及以上","全职","旅游 | 大数据 | 销售","09:39  ","平台大,科技前沿,优质团队,发展空间大","工作职责：","广州-番禺区-大学城-数字家庭研发中心一期研发大厦","2018-08-13 14:42:36"
"零壹互联大数据与人工智能部","人工智能产品经理","15k-30k","深圳 ","经验3-5年","本科及以上","全职","移动互联网","2018-08-09  ","人脸识别,视频结构化","工作职责：","深圳-龙华新区-星河领创天下二期3楼","2018-08-13 14:42:40"
"思必驰科技","NLP软件开发工程师/研究科...","30k-50k","北京 ","经验3-5年","硕士及以上","全职","架构师","2018-08-06  ","核心技术研发","NLP软件开发工程师/研究科学家 （北京研发院）","北京-海淀区-双榆树-中关村南大街6号中电信息大厦914","2018-08-13 14:42:43"
"魅瞳科技产品部","人工智能产品经理","9k-18k","武汉 ","经验3-5年","本科及以上","全职","视频 | 硬件制造","2018-08-09  ","股权激励,人工智能,精英团队,科技前沿","基本要求：","武汉-东湖新技术开发区-光谷-光谷软件园E3栋703室","2018-08-13 14:42:48"
"百度","智能平台研发工程师","18k-36k","北京 ","经验不限","本科及以上","全职","大数据 | 算法 | 数据分析","2018-08-09  ","发展平台大","工作职责","北京-海淀区-西北旺-西北旺百度科技园","2018-08-13 14:42:51"
"智能客服，智能问答","人工智能渠道经理","4k-8k","西安 ","经验3-5年","大专及以上","全职","市场拓展 | 商务拓展","2018-07-19  ","发展潜力大,新兴行业,人工智能","职位描述：","西安-高新技术产业开发区-科技二路-创新大厦","2018-08-13 14:42:57"
"育儿网中台事业部","人工智能（AI）开发工程师实...","3k-6k","南京 ","经验应届毕业生","本科及以上","实习","人工智能 | 机器学习 | 算法","2018-07-20  ","五险一金,春游秋游,节假福利,午餐补贴","技能要求","南京-玄武区-珠江路-珠江路600号谷阳大厦","2018-08-13 14:43:00"
"和而泰和而泰人工智能实验室","和而泰 419 Lab 人工智能...","20k-40k","深圳 ","经验5-10年","本科及以上","全职","产品设计","2018-08-07  ","物联网,人工智能,下午茶,团队氛围","工作职责：","深圳-南山区-科技园-圳市高新区南区深圳航天科技创新研究院D座10楼","2018-08-13 14:43:03"
"863软件","人工智能平台架构师","15k-30k","郑州 ","经验5-10年","本科及以上","全职","大数据 | 架构师","11:49  ","双休,五险一金,高薪","岗位职责","郑州-高新区-郑州市高新区翠竹街6号国家863中部软件园11号楼16楼","2018-08-13 14:43:07"
"腾讯智能平台产品部","MIG15-智能服务产品经理","18k-36k","深圳 ","经验5-10年","本科及以上","全职","电商 | 本地生活 | 电商","11:11  ","大平台,新领域,大咖多",,"深圳市市市-南山区-科技园-大族科技","2018-08-13 14:43:10"
"西普教育产品方案部","AI产品经理（人工智能）","15k-30k","北京 ","经验3-5年","本科及以上","全职","智能硬件 | 智能硬件","2018-08-08  ","上市公司,六险一金,地铁周边,弹性工作","工作职责：","北京市-海淀区-中关村-中关村互联网教育创新中心南侧1号","2018-08-13 14:43:13"
"极客邦科技InfoQ编辑部","文字编辑（AI人工智能方向）","6k-12k","北京 ","经验不限","本科及以上","全职","编辑 | 记者","08:58  ","资深团队,对接大咖,六险一金,极客文化","岗位职责：","北京-朝阳区-叶青大厦北园5层","2018-08-13 14:43:16"
"智东西内容组","人工智能编辑记者","6k-12k","北京 ","经验不限","本科及以上","全职","编辑 | 记者","09:49  ","老板大牛,上升空间,人脉积累","智东西&车东西，影响苹果、华为、高通、英特尔、大众、BBA、博世等百万科技、汽车圈人士的产业媒体，年薪10万～20万招优秀记者和科技新媒体狂热者！欢迎应届牛人。","北京-海淀区-学院路-学清路学清嘉创大厦A座1301","2018-08-13 14:43:19"
"第四范式","人工智能产品运营","18k-35k","北京 ","经验1-3年","本科及以上","全职","媒体 | 运营","14:30  ","大牛","工作职责：","北京-海淀区-上地颐泉汇A座303","2018-08-13 14:43:23"
"悠络客研发部门","算法工程师（新零售人工智...","25k-35k","上海 ","经验1-3年","硕士及以上","全职","机器学习 | 深度学习 | 图像处理 | 模式识别","2018-08-09  ","弹性工作,地铁沿线,福利多多,AI行业"," 岗位要求：1、研究生及以上学历，计算机视觉、模式识别、图像处理、机器学习等相关专业研究方向；2、熟悉常用的跟踪算法原理，如Meanshift、KALMAN filter、KCF，TLD等。3、精通C/C++语言及数据结构，熟悉OpenCV库。 4、具有3年以上视觉跟踪领域实际经验; 5、对新技术和创新想法充满热情; 能够快速学习并能够团队合作; 好的问题分析和解决能力; 良好的沟通技巧;职位描述：1、跟踪视觉跟踪领域最新进展，完成调研报告； 2、根据研究论文和相应源码，搭建原型完成算法评估验证； 3、根据需求，提出跟踪方案并进行实现; 4、根据评估对方案持续改进； ","上海-徐汇区-漕河泾-上海市徐汇区虹梅路1801号凯科国际大厦","2018-08-13 14:43:26"
"金蝶","人工智能AI高级产品专家 KDR","30k-50k","深圳 ","经验3-5年","本科及以上","全职","产品设计","2018-07-30  ","专业团队,技术氛围好,工作氛围好,福利多多","岗位职责：","深圳-南山区-科技园-科技南十二路二号金蝶软件园","2018-08-13 14:43:40"
"京东物流京东物流","智能网联产品经理","15k-30k","北京 ","经验3-5年","本科及以上","全职","产品设计 | 产品策划","2018-08-07  ","500强,五险一金,免费班车","工作职责：","北京-大兴区-亦庄-朝林广场A座","2018-08-13 14:43:43"
"京东集团AI平台","产品经理岗位（人工智能、机...","30k-60k","北京 ","经验5-10年","本科及以上","全职","电商 | 智能硬件 | 需求分析","2018-07-23  ","发展空间,战略规划","【岗位职责】                                                                   1、 将先进前沿的人工智能、机器学习技术，落地运用到真实的业务场景中，实现“人工智能即服务”的理念；     ","北京-朝阳区-亚运村-北辰世纪中心A座","2018-08-13 14:43:46"
"右划运维部","图像 /视频的智能算法工程师","40k-70k","北京 ","经验3-5年","硕士及以上","全职","移动互联网 | 图像处理 | 算法","1天前  ","扁平化管理,五险一金,两餐供应,帅哥美女","岗位职责 1）承担视频编解码算法优化 2）研究和优化 H.264 、H.265 、AVS 等视频编解码技术并应用于产品中 3）参与产品的技术预研、技术规划等工作岗位要求 1）硕士及以上学历2）深入掌握 VP8/VP9/AVS/H.264/H.265 等视频编解码算法的一种或者多种，具有较丰富的算法优化实践的研发经验，熟悉 ffmpeg、handbrake 等开源软件 3）具有图像处理、机器学习理论基础4）熟悉机器学习、深度学习常用算法，熟练掌握 CNN、RNN、深度增强学习等至少一种算法原理5）有视频转码、深度学习、图像识别处理等产品研发经验的优先6）具有强烈的进取心和技术钻研精神","北京-朝阳区-北京市朝阳区望京","2018-08-13 14:43:49"
"未来地图","人工智能数据工程师","15k-30k","深圳 ","经验3-5年","本科及以上","全职","大数据 | 视频 | 搜索 | 数据挖掘 | 数据分析","3天前  ","专业团队","岗位职责：","深圳-南山区-海王大厦-南园枫叶大厦15L","2018-08-13 14:43:55"
"盛景网联","人工智能业务高级经理","20k-30k","北京 ","经验3-5年","本科及以上","全职","BD | 商务拓展","2018-08-03  ","补充医疗,定期体检,带薪年假,定期团建","岗位职责：","北京-海淀区-中关村-清华科技园科技大厦B座11层","2018-08-13 14:43:58"
"思必驰科技上海交通大学人工智能研究院","超算集群并行计算研究员（...","15k-30k","苏州 ","经验1-3年","硕士及以上","全职","大数据 | 算法 | 数据挖掘","2018-08-08  ","人工智能","岗位职责：","苏州-工业园区-独墅湖-新平街388号腾飞创新园13号楼","2018-08-13 14:44:02"
"郑州蓝之海集团研发部","人工智能机器学习","4k-8k","郑州 ","经验不限","学历不限","全职","人工智能 | 机器学习 | 深度学习","10:50  ","五险一金,旅游多多,美女多多,发展空间大","什么是人工智能？什么是python？  人工智能（Artificial Intelligence），英文缩写为AI。它是研究、开发用于模拟、延伸","郑州-二七区-大学路-河南省郑州市二七区","2018-08-13 14:44:05"
"网心科技","人工智能后台开发工程师","20k-40k","深圳 ","经验3-5年","本科及以上","全职","人工智能","2018-07-17  ","大牛团队,优质项目","工作职责：","深圳-南山区-科技园-高新区高新九道9号威新软件园5号楼","2018-08-13 14:44:08"
"智慧芽","高级业务分析师（大数据/人...","15k-25k","上海 ","经验3-5年","本科及以上","全职","大数据 | 商业 | BI | 可视化 | 数据分析","3天前  ","BI,业务分析,人工智能","岗位职责：1、基于对业务的深刻理解，搭建业务分析体系，向上提供策略支持，并推动策略落地执行2、搭建经营监控与异常分析体系，进行日常监控和专项分析，定位问题和原因，与业务沟通确定针对性策略，提供有效的风险评估。3、支持业务端需求，并逐渐转化成报表，满足业务方对数据需求。4、基于业务的需求掌控，梳理并转化需求，推动底层数据建设和流程完善5、负责企业内核心数据标准、数据规范、口径管理； 6、负责元数据管理、数据清洗等工作，必要时参与开发； 任职要求：1、出色的策略制定能力，能根据业务规律、竞争、团队等多方面因素制定业务发展策略；2、极强的推动力、跨组织协调能力；3、有新业务开发经验者优先；能独立完成项目者优先；4、能够搭建商业模型，掌握数据分析基本方法并熟练应用；5.较强的快速学习能力和逻辑思维能力；6.结果导向，富有激情和创业精神，把困难当做挑战而非瓶颈，能承受较大的工作压力；我们将提供：- 前沿的互联网大数据人工智能领军企业的成长机会；- 世界500强背景的管理团队乐于分享经验，帮助有理想、有热情的职场青年更上一层楼；- 以人为本的管理，舒适的外企办公环境；- 完善的员工保险和休假。额外，我们还将为您和您的孩子提供商业保险；- 丰富多彩的团建活动和各种健身比赛（如：桌球、乒乓球、狼人杀、打农药等）；- 工龄满4年的小伙伴，我们还会为您的父母每月发放1000元的赡养金。","上海-闸北区-天目西路-恒丰路568号恒汇国际大厦12F","2018-08-13 14:44:11"
"众安保险信息科技","高级产品经理（人工智能方向）","20k-30k","上海 ","经验3-5年","本科及以上","全职","产品设计 | 产品策划","09:23  ","前景广阔，团队大牛多，福利好","工作职责：","上海-黄浦区-北京东路130号中实大楼","2018-08-13 14:44:14"
"饿了么BDI大数据部","资深数据工程师／数据专家（...","18k-36k","上海 ","经验1-3年","硕士及以上","全职","NLP | 算法 | 数据挖掘 | 数据分析","2018-08-08  ","机器学习，人工智能领域大神等你一起来玩耍","职责描述：","上海-普陀区-长征-金沙江路1518弄近铁城市广场北座4楼401室","2018-08-13 14:44:17"
"普林科技研发中心","机器学习工程师（人工智能...","15k-30k","北京 ","经验不限","硕士及以上","全职","大数据 | 数据挖掘 | 数据分析","08:57  ","发展空间大,互联网产品","岗位职责：","北京-海淀区-中关村-北京市海淀区北四环西路67号中关村国际创新大厦602","2018-08-13 14:44:20"
"好德软件研发中心","AI智能聊天机器人开发/人...","15K-30K","杭州 ","经验3-5年","硕士及以上","全职","算法 | 数据挖掘","2018-07-31  ","高薪、分红、分股、硅谷公司、阿里系老板","岗位职责：","杭州-西湖区-西湖-古墩路707号杭州城市发展大厦1303室","2018-08-13 14:44:23"
"深圳市德迅大数据技术有限公司","量化策略工程师（人工智能...","20k-40k","深圳 ","经验5-10年","本科及以上","全职","大数据 | 金融","2018-08-08  ","人工智能,量化分析,福利好",,"深圳-南山区-白石洲-铜鼓路华润置地大厦E座38D","2018-08-13 14:44:26"
"金蝶","人工智能AI高级产品专家","30k-50k","深圳 ","经验5-10年","硕士及以上","全职","人工智能","3天前  ","薪酬福利好,发展前景好,大牛导师,工作环境好","岗位职责：","深圳-南山区-科技园-科技园科技南十二路2号金蝶软件园","2018-08-13 14:44:42"
"侠客岛里技术部","数据智能工程师（人工智能、...","10k-20k","成都 ","经验3-5年","本科及以上","全职","大数据 | 算法 | 数据挖掘","2018-08-08  ","周末双休,各种福利,五险一金","工作职责： ","成都-高新区-天府五街菁蓉国际广场6栋5楼","2018-08-13 14:44:45"
"智东西内容组","人工智能编辑记者实习生","2k-4k","北京 ","经验应届毕业生","本科及以上","实习","编辑 | 记者","09:49  ","公司牛人多,上升空间,人脉积累","智东西&车东西，影响苹果、华为、高通、英特尔、大众、BBA、博世等百万科技、汽车圈人士的产业媒体，招优秀记者和科技新媒体狂热者！欢迎应届牛人。","北京-海淀区-学院路-学清路学清嘉创大厦A座1301","2018-08-13 14:44:48"
"深古安地研发部","智能驾驶运动控制工程师","15k-20k","武汉 ","经验1-3年","本科及以上","全职",,"2018-08-09  ","福利多","职位描述：1.负责运动规划算法的设计、仿真、优化；2.负责基于车辆动力学的运动控制技术的难点攻关；3.负责路径跟踪控制效果的测试及评价；4.负责基于驾驶员操作数据进行路径规划的算法研究、开发及评价；5.负责基于人工智能的运动控制算法的前瞻研究职位要求：1.熟练掌握C++、Matlab，有Carmaker、MicroAutobox及其他相关仿真开发软硬件经验者优先；2.车辆工程、自动化等相关专业硕士及以上学历3.了解自动驾驶汽车决策系统及执行机构；4.对汽车动力学模型有较深的理解；5.有人工智能的知识背景或无人机、机器人、智能汽车开发经验者优先","武汉-洪山区-珞狮南路-街道口中部创意大厦","2018-08-13 14:44:53"
"晟视智能科技软件开发","人工智能数据处理与测试","3k-6k","武汉 ","经验不限","大专及以上","全职","地图 | 媒体 | 人工智能 | 图像处理","2018-08-04  ","技术前沿,提升大/快,公司前景广,待遇优","岗位职责：","武汉-东湖新技术开发区-光谷-光谷大道35号光谷总部时代","2018-08-13 14:44:57"
"美团点评美团点评AI平台","美团点评智能助手研发工程...","25k-50k","北京 ","经验应届毕业生","本科及以上","全职","智能硬件 | 数据挖掘 | 数据分析","2018-08-06  ","平台大,薪资高,团队优秀,免费班车","美团点评AI平台-美团点评智能助手研发工程师/专家工作职责：打造一流的美团点评智能助手、客服机器人，提升用户体验；负责智能客服系统的产品研究、架构设计及功能开发；负责其它人工智能技术的工程化工作。工作要求：精通至少一种编程语言，包括但不限于Java、C/C++、C#、Python、HTML5等；精通至少一种智能客服系统所需技术：包括但不限于网络通信、智能聊天、前端设计、数据库、工具开发等；在智能客服、人机交互、智能问答等领域有实际开发经验；优秀的架构设计能力，丰富的互联网后台系统开发经验；掌握数据库原理和分布式系统原理；熟悉分类算法、数据挖掘、机器学习、深度学习模型者优先；熟悉自然语言处理及知识图谱并有实际项目开发经验者优先；在GitHub上发布、贡献流行开源项目者优先。","北京-朝阳区-和平里-望京东路4号恒电大厦C座","2018-08-13 14:45:00"
"云知声IoT","IC验证工程师 （人工智能）J...","15k-25k","北京 ","经验1-3年","本科及以上","全职","硬件制造 | 嵌入式 | 硬件开发","2018-08-08  ","人工智能,六险一金,紧邻地铁口,技术大牛","工作职责：岗位职责：1 制定验证方案及计划2 搭建验证环境3 编写验证代码任职资格：任职要求：1. 计算机/电子相关专业，至少3年以上IC验证经验；2. 熟练使用验证工具（VCS，Verdi）和脚本语言（Shell，Perl，TCL）；3. 有大型项目验证经验；4. 能够独立搭建验证环境；5. 熟悉UVM验证方法学；6. 熟悉硬件软件协同验证方法；7. 熟悉RISC处理器架构（ARM,MIPS）者优先；8. 有SOC验证经验者优先；9. 有RTL代码设计经验者优先；10.有FPGA调试经验者优先;","北京-朝阳区-太阳宫-北京市朝阳区太阳宫中路16号院冠捷大厦12层西侧","2018-08-13 14:45:04"
"苏宁易购","智能OS产品经理","15k-20k","北京 ","经验3-5年","本科及以上","全职","产品设计 | 移动产品/APP | 智能硬件 | 产品策划","2天前  ","智能系统,未来科技,磨炼技能,全球视野","工作职责：","北京-朝阳区-四惠-慈云寺北里118号苏宁生活广场15F","2018-08-13 14:45:07"
"翼支付大数据部","大数据人工智能工程师 - ...","25k-30k","上海 ","经验1-3年","本科及以上","全职","大数据 | 人工智能 | 机器学习 | 深度学习 | 算法","2018-08-02  ","八险二金,培训机会,各种补贴","岗位职责：","上海-虹口区-四川北路-塘沽路463号华虹国际大厦5楼","2018-08-13 14:45:11"
"百度","云与人工智能运维研发工程师","15k-30k","北京 ","经验1-3年","本科及以上","全职","运维","14:22  ","技术氛围好,福利多","工作职责： -保证百度战略级新产品&业务的高可用，包括百度云、百度私有云、人工智能、无人车、度秘、大数据等 -制定运维规划，深入各运维技术子方向（故障/容量/变更/成本等），提供平台化运维解决方案 -设计、开发高效运维平台与工具，持续提升运维效率 职位要求： -计算机或相关专业本科以上学历，3年以上互联网从业经验 -精通Linux/Unix环境，熟悉Linux性能调优，熟练掌握shell/php/python中任意一门语言，有良好的计算机网络基础 -熟悉OpenStack、KVM、LXC、Docker等虚拟化相关技术 -熟悉业界分布式计算/存储系统，熟练掌握 MapReduce/Spark/Storm中的任意一种，具备平台CPU/MEM/IO/网络/调度中一个或多个方面的性能调优能力 -有大型互联网公司系统开发、测试、运维、应用工作经验者优先 -务实、自我驱动、follow through、主动学习能力强。较好的问题分析与解决能力，较强的责任感。良好的沟通与协调能力 加分项： -开源项目贡献者优先 -对 SRE、运维、DevOps 拥有深刻理解并且有实践经验者优先 -拥有云计算、运维系统、分布式系统等任一方向研发经验者优先 -了解Docker、Kubernetes、Openstack 并有相关开发经验者优先","北京-海淀区-西二旗-上地十街10号百度大厦A座","2018-08-13 14:45:14"
"果壳网编辑部","科技编辑（机械智能方向）","8k-15k","北京 ","经验不限","本科及以上","全职","编辑","09:51  ","弹性上班,免费三餐,七险一金,出国旅游","这个岗位负责：","北京-朝阳区-大望路-西大望路甲12号北京国家广告产业园区主楼B座3层","2018-08-13 14:45:17"
"知网智能问答研发部","智能问答产品编辑","6k-10k","北京 ","经验不限","硕士及以上","全职","用户研究 | 数据分析","09:26  ","六险一金、班车、免费早午餐、宿舍","岗位职责：","北京-海淀区-西三旗-西小口路66号东升科技园北领地","2018-08-13 14:45:20"
"小狗机器人销售部","人工智能渠道经理","10k-15k","深圳 ","经验1-3年","大专及以上","全职","渠道分销","2018-08-06  ","创业公司,弹性时间,14薪","岗位职责：","深圳-南山区-深圳湾-深圳市南山区科苑南路南京大学深圳产学研基地6楼","2018-08-13 14:45:25"
"京东金融技术研发部","智能客服产品经理","25k-50k","北京 ","经验3-5年","本科及以上","全职","电商 | 产品设计 | 电商","11:55  ","班车,餐补","岗位职责：","北京-大兴区-京东总部","2018-08-13 14:45:28"
"中信银行信用卡中心大数据中心","人工智能（知识图谱方向）","20k-40k","深圳 ","经验3-5年","本科及以上","全职","人工智能 | 机器学习 | 深度学习 | 算法","2018-08-08  ","创新,技术氛围浓","岗位职责：1）研究机器学习、知识图谱、自然语言理解、图数据挖掘等相关人工智能领域的前沿理论，并应用于信用卡业务的技术创新，构建业务理论体系，进行算法改进、架构优化和策略研发；2）基于信用卡业务知识库、业务流程中产生的文本数据等信息，搭建信用卡专属领域的知识图谱，并用于客服智能问答、智能推荐等业务场景，提升业务能力。 岗位要求：1）具备良好的机器学习算法功底，理解机器学习算法的基本思想和求解方法；2）有扎实的自然语言理解的技术基础和图挖掘相关研发经验，有深度学习相关研发经验者优先；3）具备良好的学习和沟通能力，能够迅速熟悉业务并融入团队。","深圳-罗湖区-笋岗-笋岗路中民时代广场A座","2018-08-13 14:45:31"
"联想集团","智能运维研究员","18k-30k","北京 ","经验3-5年","硕士及以上","全职","云计算 | 大数据 | 云计算","09:04  ","发展前景好,福利完善,平台大","Role & Responsibilities:","北京-海淀区-西二旗-联想集团联想研究院","2018-08-13 14:45:56"
"腾讯MIG","智能终端产品经理","20k-40k","深圳 ","经验5-10年","本科及以上","全职","产品设计","3天前  ","平台大,福利好,大咖多","岗位职责：    ","深圳-南山区-腾讯大厦","2018-08-13 14:45:59"
"美团点评AI平台部","AI人工智能数据产品-BI数...","25k-40k","北京 ","经验3-5年","本科及以上","全职","BI","3天前  ","一流团队，发展空间大，挑战大",,"北京-朝阳区-""""-望京东路4号恒电大厦C座","2018-08-13 14:46:03"
"思必驰科技上海交通大学人工智能研究院","超算集群并行计算研究员（...","15k-30k","苏州 ","经验3-5年","硕士及以上","全职","大数据 | 人工智能 | 机器学习 | 深度学习 | 算法","2018-08-06  ","上海交大,人工智能","岗位职责：","苏州-工业园区-独墅湖-新平街388号腾飞创新园13号楼","2018-08-13 14:46:08"
"同盾科技","智能语音产品经理-杭州-00721","15k-30k","杭州 ","经验5-10年","本科及以上","全职","产品设计 | 产品策划","2018-07-30  ","核心团队,发展平台好,薪酬福利好,弹性上班","岗位职责","杭州-余杭区-仓前-文一西路998号海创园","2018-08-13 14:46:15"
"同花顺","人工智能理财产品经理","10k-20k","杭州 ","经验1-3年","本科及以上","全职","银行 | 理财 | 产品设计","14:03  ","AI项目组,3亿用户","工作职责：","杭州-余杭区-同顺街18号同花顺大楼","2018-08-13 14:46:19"
"北京亚信数据有限公司技术部门","资深开发/架构师（基础组件...","25k-50k","上海 ","经验5-10年","本科及以上","全职","大数据 | 架构师","2018-08-09  ","人工智能,运用新技术,技术驱业务,技术大牛","岗位描述：","上海-长宁区--愚园路","2018-08-13 14:46:23"
"云集浙江集商优选电子商务有限公司","客服产品经理-智能机器人","15k-30k","杭州 ","经验3-5年","本科及以上","全职","产品设计 | 产品策划","2018-08-09  ","弹性工作,行业独角兽,奖金丰厚,发展空间","岗位职责:1、负责智能客服业务相关产品设计，根据产品所在阶段制定产品发展策略以及发展路线；2、通过用户调研、数据运营和分析等方法，不断优化智能客服机器人的产品解决方案；3、了解和挖掘业务线需求，丰富人工智能应用场景，制定产品方案，负责协同业务、技术、设计等团队快速落地；4、调查、分析竞争对手和市场发展动向，为公司提供新产品发展策略建议。","杭州-滨江区-杭州市滨江区江虹路1750号润和信雅达1幢27楼","2018-08-13 14:46:50"
"前海力拓研发部","大数据及人工智能应用技术...","4k-5k","深圳 ","经验不限","硕士及以上","实习","大数据 | BI | 可视化 | 数据分析","2018-07-24  ","大数据,人工智能,创业公司","一、目前组内有以下几个研究方向：","深圳-南山区-深圳湾-天虹总部大厦1622","2018-08-13 14:46:57"
"顺丰科技有限公司人工智能与应用部","IT项目管理工程师（人工智能）","12k-24k","深圳 ","经验3-5年","本科及以上","全职","项目管理 | PMO | PMP","09:50  ","弹性时间,带薪休假,晋升大,氛围好","岗位职责：","深圳-南山区-深圳湾-软件产业基地1栋B座","2018-08-13 14:47:01"
"不凡商业","记者（智能硬件\互联网\汽...","10k-15k","北京 ","经验3-5年","本科及以上","全职","移动互联网 | 媒体","10:50  ","七险一金,资源丰富,发展空间大,福利好","岗位职责","北京-朝阳区-朝外-泰康金融大厦3206","2018-08-13 14:47:05"
"清华信研院WEB中心","科研助理（人工智能/健康医...","6k-12k","北京 ","经验不限","硕士及以上","全职","助理","11:44  ","人工智能发展潜力无限","1.负责相关科研、项目工作。","北京-海淀区-清华大学-海淀五道口清华大学FIT楼1-311","2018-08-13 14:47:09"
"网易","高级产品经理（音乐内容）-...","15k-30k","杭州 ","经验1年以下","本科及以上","全职","音乐 | 产品设计 | 用户研究","3天前  ","人工智能,网易,产品情怀,高端福利","职位职责：1. 负责人工智能内容方向的产品规划和设计工作2. 负责分析公司内外部需求，协调资源推动产品功能实现，保证项目按时上线3. 负责挖掘目标用户对内容的核心诉求，结合现有人工智能技术设计有市场竞争力的产品4. 负责对国内外相关产业资源进行持续的跟踪和分析，拓宽内容生态和交互方式，打造全新的内容交互体验","杭州-滨江区-秋溢路606号","2018-08-13 14:47:13"
"捷通华声广州分公司","销售经理（人工智能）","10k-20k","广州 ","经验3-5年","本科及以上","全职","软件销售","09:48  ","项目奖金,五险一金,津贴,绩效薪资","职位描述：1.负责公司灵云平台及智能语音、智能客服、智能图像等智能人机交互技术与产品的销售与市场开拓；2.制订切实可行的区域/行业销售拓展策略和计划，用于支撑区域/行业的销售收入的短期和长期快速增长；并定期审核调整，确保销售计划的执行以及区域/行业销售目标的达成；3.不断挖掘客户资源，建立客户渠道，发展新业务，完成既定的销售目标；4.维护和发展客户关系，建立长期、良好、稳固的客户关系体系；5.了解客户需求，为客户提供服务解决方案。","广州-天河区-广东省广州市高唐软件园高普路138号京华信息大楼中座二层","2018-08-13 14:47:19"
"以太创服ASAP","计算机视觉算法工程师（人...","25k-35k","北京 ","经验3-5年","硕士及以上","全职","人工智能 | 机器学习 | 计算机视觉 | 算法","11:56  ","团队强,资源多,发展前景好","岗位职责：","北京-朝阳区-团结湖-三里屯","2018-08-13 14:47:26"
"北京亚信数据有限公司技术部门","资深/架构师（应用框架）（人...","25k-50k","上海 ","经验5-10年","本科及以上","全职","大数据 | 架构师","2018-08-09  ","人工智能,技术驱业务,运用新技术,技术大牛","岗位描述:","上海-长宁区--愚园路","2018-08-13 14:47:43"
"京东集团AI平台","业务拓展（BD）高级经理（人...","20k-40k","北京 ","经验5-10年","本科及以上","全职","电商","2018-07-20  ","发展空间,战略规划","业务拓展（BD）高级经理（人工智能方向）","北京-朝阳区-亚运村-北辰世纪中心A座","2018-08-13 14:47:57"
"锋创总经办","人工智能首席科学家助理招聘","12k-20k","北京 ","经验3-5年","硕士及以上","全职","前台 | 助理","2018-08-06  ","五险一金,中德合资,人工智能,餐补住房补","人工智能首席科学家助理招聘","北京-海淀区-西北旺-西北旺东路10号院东区1号楼301室","2018-08-13 14:48:01"
"自兴人工智能研发部","人工智能图像处理算法工程师","10k-20k","长沙 ","经验3-5年","本科及以上","全职","人工智能 | 图像处理","2018-07-26  ","国家级项目,专家级团队,行业趋势好,发展空间大","岗位职责：","长沙-岳麓区-麓谷大道658号麓谷信息港A座7楼","2018-08-13 14:48:04"
"冲浪科技","项目助理（人工智能大数据）","5k-10k","北京 ","经验1-3年","学历不限","全职","项目管理 | 数据库 | 大数据","3天前  ","晋升空间,员工福利,五险一金","岗位职责：","北京-海淀区-中关村-西大街中关村创业大街3号楼A","2018-08-13 14:48:08"
"ImageDT图匠数据支撑部","人工智能数据标注文员","2k-4k","广州 ","经验应届毕业生","学历不限","全职","后勤 | 文秘 | 文员","10:17  ","扁平管理","职位职责：","广州-海珠区-琶洲-中洲中心南塔C座2809-11","2018-08-13 14:48:12"
"爱奇艺","高级/资深安全智能算法工程师","20k-35k","上海 ","经验3-5年","本科及以上","全职","信息安全 | 算法 | 数据挖掘","2018-08-07  ","发展前景好","高级/资深安全智能算法工程师","上海-长宁区-漕河泾-临虹路365号中关村虹桥创新中心北区9座爱奇艺创新大厦","2018-08-13 14:48:15"
"极视角销售部","高级销售经理（人工智能）","10k-20k","深圳 ","经验1-3年","大专及以上","全职","销售 | KA","10:26  ","期权激励,行业前景好,免费体检,牛人多","关于极视角✔极视角成立于2015年，  获得天使轮融资；✔截止到2018年初，  获得A轮千万融资；✔上下班无需打卡，弹性工作，健身房、零食一个都不能少；✔有颜值学历高的名校博士研究生团队，团队氛围好到爆；✔ 待遇优厚，期权激励；   人工智能处于全面爆发的前夜，极视角致力成为计算机视觉领域的大咖，如果你是有智有识有梦想的大神，期待加入，一起成长！","深圳-南山区-粤海街道高新区联合总部大厦11楼","2018-08-13 14:48:19"
"网易","智能客服产品经理","15k-25k","杭州 ","经验3-5年","本科及以上","全职","电商 | 产品设计","10:11  ","大平台,专业团队,福利","职位描述：","杭州-滨江区-长河-网商路599号","2018-08-13 14:48:23"
"Xmov","人工智能BD经理/总监","20k-40k","上海 ","经验5-10年","本科及以上","全职","教育 | 游戏 | BD | 商务拓展","2018-07-16  ","明星团队,顶级科学家,顶级风投,期权丰厚","岗位职责:","上海-徐汇区-漕河泾-宜山路700号普天信息产业园B2楼902","2018-08-13 14:48:29"
"云熵研发部","智能聊天机器人开发工程师","10k-20k","深圳 ","经验3-5年","本科及以上","全职","全栈","2018-07-30  ","智能,人机交互,互联网,极客","岗位职责: ","深圳-南山区-科技园-广东省深圳市南山区科技园","2018-08-13 14:48:33"
"七牛云研发部","全栈人工智能产品研发工程师","20k-40k","上海 ","经验5-10年","学历不限","全职","全栈","10:57  ","团队氛围好,技术前沿,福利好","产品职责","上海-浦东新区-张江-亮秀路112号Y1座","2018-08-13 14:48:37"
"电视淘宝","Android开发工程师（智能语...","12k-24k","杭州 ","经验3-5年","本科及以上","全职","Android","1天前  ","五险一金 研发落地","岗位职责","杭州-余杭区-仓前-良睦路999号乐嘉国际2号楼","2018-08-13 14:48:41"
"佳讯飞鸿智能科技研究院","人工智能工程师（视频分析...","20k-30k","北京 ","经验3-5年","硕士及以上","全职","视频 | 算法 | 图像处理 | 深度学习","2018-07-31  ","五险一金,补充医疗,餐补,节日福利","职位描述：","北京-海淀区-北下关-上园村3号交大科技大厦1404-2","2018-08-13 14:48:45"
"北京亚信数据有限公司技术部门","高级架构师（人工智能、大数据）","35k-70k","上海 ","经验10年以上","本科及以上","全职","大数据 | 架构师","2018-08-09  ","技术驱业务,运用新技术,人工智能,技术加管理","职位描述：","上海-长宁区--愚园路","2018-08-13 14:49:03"
"佳都科技商用智能产品事业部","售前技术经理（商用智能产品）","8k-16k","广州 ","经验3-5年","本科及以上","全职","技术支持","3天前  ","五险一金,周末双休,免费食堂","岗位职责：","广州-天河区-棠下-科韵路软件园建工路4号佳都新太大楼","2018-08-13 14:49:09"
"佰仟金融RX","BD(智能穿戴方向)","15k-30k","深圳 ","经验3-5年","本科及以上","全职","销售 | 商务拓展","09:13  ","平台稳定,行业前沿,发展空间大","岗位职责：","深圳-福田区-上梅林-彩田路新浩E都A座2101","2018-08-13 14:49:23"
"捷通华声广州分公司","知识库编辑（人工智能）","7k-10k","广州 ","经验应届毕业生","本科及以上","全职","编辑","09:48  ","五险一金,绩效奖金,报销津贴,节日福利","职位描述：","广州-天河区-广东省广州市高唐软件园高普路138号京华信息大楼中座二层","2018-08-13 14:49:26"
"深圳捷通华声","知识库编辑（人工智能）","5k-10k","深圳 ","经验不限","本科及以上","全职","移动互联网 | 编辑 | 网站编辑 | 企业服务","13:43  ","人工智能,项目奖金,半年调薪,晋升空间大","职位描述：    1.负责智能机器人知识库的建设，保证机器人智能问答的准确率；    2.收集客户的产品与服务知识库等资料，对资料进行整合与编辑；    3.负责知识的优化、运营，参与知识库的逻辑规则建设；    4.整理知识问答库内容，使智能机器人产品更为完善、准确、实用。        任职资格：    1.学历要求：      -毕业于211或985院校、统招本科及以上学历；","深圳-南山区-清华信息港科研楼801","2018-08-13 14:49:32"
"滴滴出行AI Labs","智能客服产品专家(J180623...","25k-50k","北京 ","经验3-5年","本科及以上","全职","产品设计 | 产品策划","2018-08-09  ","广阔平台、急速成长、诱人福利",,"北京-海淀区-北京市海淀区东北旺西路8号数字山谷","2018-08-13 14:49:39"
"YIDATEC","AI（人工智能）数据审核员","4k-5k","深圳 ","经验1年以下","大专及以上","全职","视频 | 客服","2018-08-09  ","免费班车,免费早餐,六险一金,绩效+津贴","岗位要求","深圳-南山区-白石洲-飞亚达大厦","2018-08-13 14:49:43"
"MXCHIP业务部","商务拓展经理（人工智能方...","8k-15k","上海 ","经验1-3年","本科及以上","全职","大客户销售 | 代理商 | 市场拓展","2018-08-07  ","发展空间大,行业前景好,福利好","岗位职责：1、专注于人工智能方案，负责华南/华东的客户开拓、维护和管理，完成销售指标","上海-普陀区-长征-金沙江路2145弄5号9楼","2018-08-13 14:49:47"
"数絮编辑部","人工智能新媒体编辑","10k-18k","北京 ","经验不限","本科及以上","全职","编辑 | 记者 | 内容 | 科技","2018-07-25  ","气氛自由,团队小,不打卡,可深入行业","1，协助运营人工智能/计算机科学领域的新媒体，根据领域内的重大事件和科研进展策划、更新内容；","北京-朝阳区-光华路soho","2018-08-13 14:49:54"
"小弦科技","人工智能产品销售经理","4k-8k","武汉 ","经验不限","学历不限","全职","教育 | 大数据 | 销售 | 客户代表 | 软件销售 | 电话销售","2018-08-04  ","人工智能,大牛合伙,期权股份,创新驱动","【岗位职责】","武汉-洪山区-关山-学府佳园三区四栋六单元门铃101#","2018-08-13 14:49:58"
"百度","云与人工智能运维研发工程师","15k-30k","北京 ","经验3-5年","本科及以上","全职","运维 | Linux | Openstack | 监控","3天前  ","百度云","工作职责","北京-海淀区-西北旺-百度科技园","2018-08-13 14:50:02"
"广联达科技广联达科技股份有限公司","高级技术架构师（人工智能、...","35k-60k","上海 ","经验10年以上","本科及以上","全职","大数据 | 人工智能 | 架构师","2018-07-20  ","试用期全薪,工作氛围好,各种团建,管理规","岗位职责:1、负责平台云端核心技术架构设计，特别是领域数据模型架构以及微服务架构，确保整个平台构建在坚实的数据架构基石之上；2、设计和架构数据智能相关基础设施，通过BIM，大数据和人工智能技术在地产精装业务里实现数据智能应用；3、协助产品的核心功能代码开发；4、跨团队沟通协作，集成所需第三方产品功能，确保整体产品功能满足用户需求，合理设计各产品和服务的集成交互接口。","上海-闵行区-上海市闵行区虹桥正荣中心","2018-08-13 14:50:06"
"清数","分析师/投资经理（大数据与...","8k-15k","北京 ","经验不限","本科及以上","全职","大数据 | 数据分析 | BI | 商业","2018-08-09  ","公司平台好,发展空间大,扁平化管理,五险一金","职责:","北京-海淀区-清华大学-双清路30号学研大厦","2018-08-13 14:50:11"
"讯码科技销售部","销售代表（智能家居类产品）","5k-10k","广州 ","经验3-5年","大专及以上","全职","销售","11:23  ","待遇优,福利全,领导好,环境赞","福利待遇：","广州-番禺区-大学城-青蓝街26号数字家庭基地研发楼3层","2018-08-13 14:50:14"
"顺丰科技有限公司人工智能与应用部","Golang开发工程师（人工智...","15k-30k","深圳 ","经验3-5年","本科及以上","全职","云计算 | GO | Java | Python | 云计算","09:50  ","弹性时间,带薪休假,晋升大,氛围好","岗位职责：","深圳-南山区-深圳湾-软件产业基地1栋B座","2018-08-13 14:50:18"
"小弦科技","人工智能产品销售经理","3k-6k","武汉 ","经验不限","学历不限","全职","教育 | 大数据 | 电话销售 | 地推 | 销售 | 软件销售","2018-08-04  ","人工智能,大牛合伙,期权股份,创新驱动","【岗位职责】","武汉-洪山区-关山-学府佳园三区四栋六单元门铃101","2018-08-13 14:50:32"
"聚蜂智能研发部","人工智能机器学习图片标示...","3k-5k","深圳 ","经验不限","大专及以上","全职","项目管理 | 过程管理","2018-08-01  ","股票期权,投资人热捧,大牛团队,水果下午茶","岗位职责：","深圳-南山区-科技园-留学生创业大厦一期902","2018-08-13 14:50:39"
"深思考人工智能机器人技术部","Java工程师（人工智能项目...","13k-25k","北京 ","经验3-5年","本科及以上","全职","Java","09:56  ","AI项目,技术型公司,发展空间,重视技术","工作职责：","北京-海淀区-上地-上地信息路12号中关村发展大厦B座203","2018-08-13 14:50:44"
"迈外迪人工智能研究院","嵌入式工程师（人工智能研...","13k-25k","北京 ","经验不限","本科及以上","全职","人工智能 | 新零售 | 计算机视觉 | 模式识别","2018-08-06  ","工作氛围好,自主创新强,知识技术新,成长空间大","岗位职责：","北京-朝阳区-百子湾-官庄路迈外迪办公楼2-4层","2018-08-13 14:50:47"
"合一智芯","智能加速芯片-架构工程师（...","13k-16k","北京 ","经验不限","本科及以上","全职","电子/半导体/集成电路 | 智能硬件 | C++ | C | Linux/Unix | 架构师","2018-08-04  ","深度学习硬件设计核心技术",,"北京-海淀区-中关村-北京市海淀区智造大街F座608","2018-08-13 14:50:51"
"智汇研究院销售部","销售工程师（智能机器人）","4k-6k","天津 ","经验1-3年","大专及以上","全职","销售 | 技术支持","09:15  ","双休年假,地铁周边,福利齐全,人工智能","1、大专以上学历，理工类相关专业；","天津-南开区-白堤路-慧谷大厦2413","2018-08-13 14:50:56"
"滴滴出行AI LABS","智能客服产品经理","20k-40k","北京 ","经验3-5年","本科及以上","全职","移动互联网 | 需求分析 | 用户研究 | 产品设计 | 产品策划","3天前  ","团队氛围好,技术大牛多,福利好","岗位职责","北京-海淀区-西北旺-中关村软件园19号楼钻石大厦B座","2018-08-13 14:50:59"
"搜狗语音交互技术中心","智能对话-后端(C++)高级开...","20k-40k","北京 ","经验不限","硕士及以上","全职","广告营销 | Java | 数据挖掘 | 算法","2018-07-18  ","公司重点项目，弹性工作","岗位说明：","北京-海淀区-中关村-中关村东路1号院清华科技园8号楼启迪科技大厦D座22层","2018-08-13 14:51:03"
"中信银行信用卡中心大数据中心","人工智能岗(NLP方向)","20k-40k","深圳 ","经验3-5年","硕士及以上","全职","大数据","2018-08-08  ","银行编制,核心岗位,薪酬福利好","职位描述：","深圳-罗湖区-笋岗-笋岗路中民时代广场A座","2018-08-13 14:51:06"
"一号互联销售部","销售经理（人工智能）","8k-16k","广州 ","经验1-3年","大专及以上","全职","广告营销 | 云计算 | 销售 | 客户代表 | KA","2018-08-09  ","AI,机器人,多金,蓝海","职位描述：","广州-天河区-珠江新城-黄埔大道西76号富力盈隆1512","2018-08-13 14:51:11"
"传神","渠道销售（儿童智能产品）","13k-18k","北京 ","经验3-5年","大专及以上","全职","智能硬件 | 营销 | 渠道分销","09:32  ","工作环境,薪酬待遇","职位诱惑：","北京-朝阳区-三环中路39号建外SOHO西区18号楼17F","2018-08-13 14:51:15"
"南京云问市场部","人工智能产品销售顾问","10k-20k","南京 ","经验1-3年","大专及以上","全职","大数据 | 银行 | 销售 | 客户代表","2018-07-30  ","前景好,档次高,客户素质高,提成高","岗位职责：公司产品销售业绩一直很不错","南京-江宁区-开发区-紫金研创中心","2018-08-13 14:51:19"
"灵声机器人","销售专员-AI智能语音机器人","6K-12K","深圳 ","经验不限","学历不限","全职","销售 | 客户代表","2018-07-22  ","蓝海新兴行业、高收入高提成、个人发展空间","蓝海新兴行业、高收入高提成、个人发展空间","深圳-龙岗区-坂田-城市山海中心C栋315室（杨美地铁站B出口）300米","2018-08-13 14:51:24"
"中国电信增值业务运营中心","产品策划（智能语音导航、文...","10k-14k","北京 ","经验3-5年","本科及以上","全职","高级 | 产品经理 | 语义理解 | 人工智能 | 语音识别","2018-07-22  ","国企、人工智能","（一）主要职责","-杏石口99号","2018-08-13 14:51:34"
"星关系人工智能部","人工智能自然语言处理工程...","7k-14k","郑州 ","经验1-3年","硕士及以上","全职","人工智能 | 机器学习 | NLP","01:49  ","人工智能,明星多","职位描述：","郑州-高新区-河南省郑州市高新区科学大道57号郑州中原国家广告产业园","2018-08-13 14:51:38"
"小弦科技","人工智能产品销售专员","3k-6k","武汉 ","经验1-3年","学历不限","全职","大数据 | 教育 | 销售 | 软件销售 | 电话销售 | 地推","2018-08-03  ","人工智能,大牛合伙人,股票期权","【岗位职责】","武汉-洪山区-关山-学府佳园三区四栋六单元门铃101","2018-08-13 14:51:53"
"堂仁翔科技销售部","人工智能创客机器人销售","4k-8k","北京 ","经验不限","大专及以上","全职","教育 | 智能硬件 | 销售 | 客户代表 | 区域销售 | 大客户销售","2018-08-07  ","高提成,升值空间大,五险一金","职位描述岗位职责：1、快速了解并熟悉公司的产品和推广策略及其他销售工作的要求；2、整理完善所负责区域的客户资料并收集潜在的客户；3、负责创客套件、机器人套件、人工智能套件、服务机器人、无人巡检车等公司产品的开发销售，了解客户需求，对意向客户进行拜访；4、为客户提供专业的产品咨询及优质服务，提供满足客户的解决方案 ；5、维护现有客户并开发新项目，负责项目招投标工作。6、负责项目运作的各个环节，对客户的公关谈判、项目报价、项目执行过程等事宜；7、负责销售合同的处理与签订，按时回收项目款，控制垫款、压款金额；8、配合团队技术支持人员及时解决客户问题。9、完成上级领导交给的任务，配合销售经理完成本部门的销售任务；任职要求：1、了解创客、机器人、人工智能行业，热爱销售行业，喜欢用实力和业绩来挑战高薪；2、对创客、机器人、人工智能领域有较强的兴趣；3、为人踏实肯干，吃苦耐劳者优先；4、有良好的技巧和语言表达能力，对待工作认真，具备很强的学习能力，积极乐观有团队精神。5、在自动化行业、科研行业有经验优先。6、有机器人使用经验优先。7、 接受毕业生，自动化、机械、机电背景优先。8、 有机器人销售经验优先。主要接触行业：1、学校（幼儿园、小学、中学、大学、科研院所）、培训机构等 2、银行、税务、酒店、旅游、科技馆等3、国家电网、地下管廊等","北京-海淀区-牡丹园-北京市海淀区花园北路14号环星大厦A座8层888号","2018-08-13 14:51:56"
"百度智能云技术三部","智能云技术三部_大客户技...","15k-30k","北京 ","经验不限","本科及以上","全职","电商 | 直播 | 运维 | Linux","2018-07-18  ","平台大,机会多","工作职责：","北京-海淀区-马连洼-百度科技园","2018-08-13 14:52:03"
"同花顺AI人工智能事业部","AI人工智能-运营专员（客服...","5k-7k","杭州 ","经验应届毕业生","本科及以上","全职","金融 | 运营","2018-08-01  ","17薪,人工智能,互联网金融,免费中晚餐","国内第一家互联网金融信息服务行业上市公司、2009年深交所上市、目前公司员工3000人+、齐全的产业线（2B、2C均有涉及）、注册用户3.1亿+、月活量3000万+；","杭州-余杭区-荆长大道同顺街18号","2018-08-13 14:52:09"
"腾讯无线研发部","MIG03-高级智能创新产品测...","18k-36k","深圳 ","经验3-5年","本科及以上","全职","测试 | 自动化","11:11  ","大平台,AI",,"深圳-南山区-科技园-大族科技中心","2018-08-13 14:52:15"
"广发证券信息技术部","量化策略工程师（大数据与...","35k-55k","深圳 ","经验3-5年","硕士及以上","全职","大数据 | 金融 | 数据挖掘","2018-07-18  ","牛人多,环境好,季度奖,年终奖","注：此职位非传统“量化研究员”角色，综合了量化投研、大数据与人工智能等职责。","深圳-南山区-后海-中洲控股大厦","2018-08-13 14:52:19"
"同花顺智能客服部","AI产品经理（智能客服项目）","10k-20k","杭州 ","经验1-3年","本科及以上","全职","产品设计","10:34  ","上市公司,AI项目,导师制,免费中晚餐","岗位职责:1.负责智能客服业务相关产品规划及设计，完成用户需求调研、使用行为分析，制定产品发展策略以及发展路线。2.根据产品业务方向，输出竞品分析、业务流程、产品功能设计等解决方案，输出高质量产品输出文档；3.以产品为中心，高效推动商务、设计、技术、运营工作，确定产品按时、保质上线；4.能够结合公司AI能力，进行产品创新、制定产品长短期计划；完成产品设计、产品效果跟进、产品迭代等全过程工作；5.参与人工智能产品的对外合作、协调及沟通，收集市场信息，结合市场信息及客户需求及时调整产品规划；6.关注人工智能及客服行业动态，结合公司技术特点制定产品规划及产品拓展服务。任职资格:1.本科及以上学历，1年及以上互联网产品或者AI相关产品经验，有智能客服产品经验优先；2.对AI技术前沿有敏锐的洞察力，喜欢挑战和尝试，学习能力强，数据敏感，对用户产品体验敏感；3.具备产品宏观视角，具备良好的产品规划能力，良好的数据分析和挖掘能力；4.洞察用户的差异化需求，制定通用业务、产品解决方案；5.有成熟的产品设计能力，熟练使用sketch、auxre等产品原型设计经验，同时具备PC端、移动端产品设计经验者优先；6.对于垂直行业有一定洞察，熟悉行业生态、相关企业业务流程；7.优秀的沟通和解决问题的能力，有较强的逻辑思维能力，以终为始，指引团队探索未知、克服各种限制，达成既定目标。","杭州-余杭区-杭州市余杭区文一西路荆常大道交叉口同花顺新大楼","2018-08-13 14:52:22"
"360IOT","智能硬件","25k-50k","北京 ","经验5-10年","本科及以上","全职","智能硬件 | 用户研究 | 智能硬件","2018-08-08  ","公司平台大,福利好,有班车,有食堂","岗位职责:","北京-朝阳区-酒仙桥-酒仙桥路6号院（电子城•国际电子总部）","2018-08-13 14:52:27"
"小米人工智能云平台","视觉设计实习生（人工智能...","3k-4k","北京 ","经验不限","本科及以上","实习","广告营销 | 视觉 | UI","3天前  ","大平台,学习机会",,"北京-海淀区-清河-小米","2018-08-13 14:52:31"
"商道卓越有限公司研发部","人工智能（图像识别）应届生","9k-15k","深圳 ","经验应届毕业生","大专及以上","全职","图像处理 | 深度学习","2018-08-08  ","绩效奖,项目奖,五险一金,生日福利",,"深圳-宝安区-西乡-深圳市宝安区西乡蚝业雅苑写字楼205西乡地铁A口","2018-08-13 14:52:35"
"字节跳动","AI标注实习生","2k-3k","北京 ","经验不限","本科及以上","实习","审核","13:13  ","弹性工作，免费三餐，租房补贴，休闲下午茶，扁平管理，健身瑜伽，过亿用户，职业大牛，团队氛围好",,"北京-海淀区-北京市海淀区丹棱街1号互联网金融中心","2018-08-13 14:52:42"
"Yi+","智能终端行业销售经理","15k-30k","北京 ","经验3-5年","本科及以上","全职","销售","2018-08-09  ","年底双薪,奖金提成,弹性工作制,晋升通道","【岗位职责】：","北京-海淀区-中关村-丹棱街6号","2018-08-13 14:52:53"
"义语智能市场","智能玩具销售经理（深圳）","8k-15k","深圳 ","经验1-3年","大专及以上","全职","销售 | 电子/半导体/集成电路","2018-08-09  ","待遇好,不坐班","职位描述：","深圳-南山区-前海-玩具","2018-08-13 14:52:59"
"京东集团","风险策略分析师","15k-30k","北京 ","经验5-10年","本科及以上","全职","电商 | 金融 | 数据分析","10:26  ","五险一金,周末双休,班车上班,每日餐补","岗位职责： 负责京东商城恶交易风控识别及处理环节的策略数据分析、风险案分析及交易风控策略的设计、验证、监控、优化等一系列管理工作。1.根据公司业务发展以及风控能力提升的需要，规划风控系统策略管理的整体发展，推动系统策略管理工具的升级；2.充分理解业务风控需求，以数据分析为基础，制定与优化符合公司战略、业务诉求、客户体验的风控识别策略；3.承担交易风控策略识别数据监控、分析，通过异常数据的深度分析，及时发现潜在风险并向业务提出决策建议或策略调优；4.风险案件深度挖掘、分析，洞察风控用户下单行为特征，快速调整识别策略并推动风控产品升级迭代；5.通过策略分析流程梳理，推动搭建系统自动化分析工具，提升策略分析效率，快速响应与解决业务风控痛点。任职要求：1.计算机（机器学习、人工智能等方向）、数学、统计、信息技术、计量分析本科或硕士以上学历；2.两年或以上互联网、电商、零售或金融等行业，从事交易风控管理、数据分析等工作经验优先；3.熟练使用SQL，至少可以使用Python、R、SAS其中一款软件进行建模或数据分析；4.认同电商风控理念，拥有优秀的沟通能力和团队协作能力，强烈的责任感与自驱力，可独立并积极解决各种困难； 5.思维敏捷，能快速理解业务方意图，有丰富的数据分析、挖掘的经验，可快速响应业务、政策、产品迭代需求。","北京-大兴区-科创十一街经海路京东总部大厦","2018-08-13 14:53:05"
"平安人寿寿险总部系统运营与安全部","资深人工智能运维工程师","13k-26k","深圳 ","经验3-5年","本科及以上","全职","大数据 | 运维 | Hadoop | Linux | Oracle","2018-08-01  ","待遇高,福利好,大平台","工作职责：","深圳-福田区-岗厦-福华路星河发展中心大厦","2018-08-13 14:53:09"
"腾讯客户服务部","智能客服产品经理","10k-20k","深圳 ","经验3-5年","本科及以上","全职","产品设计 | 交互设计","3天前  ","大平台,行业前沿,发展机会大,薪酬福利好","【岗位职责】","深圳-南山区-科技园-高新园飞亚达大厦","2018-08-13 14:53:26"
"同花顺","NLP算法研究员-智能客服项目","15k-25k","杭州 ","经验1-3年","本科及以上","全职","算法 | 机器学习","2018-08-06  ","人工智能,前景广阔,技术大牛,小而美团队","岗位职责：","杭州-余杭区-同顺路18号","2018-08-13 14:53:30"
"字节跳动","头条实验室算法科学家-自...","30k-60k","上海 ","经验1-3年","本科及以上","全职","NLP","11:27  ","弹性工作，免费三餐，租房补贴，带薪休假，休闲下午茶，扁平管理，团队氛围好，五险一金",,"上海-徐汇区-上海市徐汇区田林路130号氪空间","2018-08-13 14:53:35"
"京东集团商业提升事业部","【京东广告】反作弊算法工程...","15k-30k","北京 ","经验1-3年","硕士及以上","全职","电商 | 广告营销 | 算法 | 数据分析","10:50  ","平台大,发展快,机会多,待遇好","【职位描述】1，负责京东在线营销和广告的虚假流量点击反作弊、虚假和劫持订单的识别、基于大数据的各类反欺诈等工作2，研发大数据挖掘、机器学习、深度学习、无监督学习等技术，解决电商和广告领域内的风控问题3，研究最新的AI人工智能算法，将其引入电商和广告反欺诈领域，并不断调优效果【职位要求】1，计算机、数学及相关专业，硕士以上学历2，熟悉数据挖掘、机器学习、深度学习相关的算法，能熟练运用分类、回归等模型解决各类问题3，熟悉异常检测、无监督/半监督学习的常用算法4，熟悉c/c++，python等语言，有良好的编程风格5，较强的学习能力，良好的沟通合作精神6，熟悉spark、mapreduce等分布式系统的加分，熟悉tensorflow等机器学习平台的加分7，有广告、金融、电商等领域反作弊经验的加分【企业介绍 】京东是自营电商的行业top1，发展趋势远超行业大盘广告部作为京东核心盈利部门，支撑公司业务的高速发展公司提供良好的办公环境，建立了完善的福利制度，互联网行业领先，工作地点在北京广告部主要成员均来自百度、腾讯、雅虎等业界知名公司，有着丰富的互联网广告从业经验部门技术能力强劲，吸引了各领域专家，渴求优秀技术人才加入","北京-朝阳区-大屯-北辰世纪中心A座","2018-08-13 14:53:42"
"顺丰科技有限公司人工智能与应用部","Python开发工程师（人工智...","15k-30k","深圳 ","经验3-5年","本科及以上","全职","云计算 | Python | 云计算","09:50  ","弹性时间,带薪休假,晋升大,氛围好","岗位职责：","深圳-南山区-深圳湾-软件产业基地1栋B座","2018-08-13 14:53:48"
"第四范式推荐业务部","互联网业务线商务经理","15k-30k","北京 ","经验3-5年","学历不限","全职","云计算 | 移动互联网 | 大客户销售 | 电话销售 | 软件销售 | 客户代表","13:53  ","高薪资,高提成,五险一金,福利好","职责描述：","北京-海淀区-上地-上地街道信息路18号上地创新大厦4层4007第四范式","2018-08-13 14:53:52"
"星舆科技","人工智能硬件技术总监","35k-70k","广州 ","经验1-3年","博士及以上","全职","汽车 | 视频 | 软件开发","09:26  ","行业前景好","人工智能硬件技术总监","广州-天河区-平云路广电科技大厦301自编5号","2018-08-13 14:53:56"
"中国金融认证中心开发部","Java高级软件开发工程师（...","10k-20k","北京 ","经验不限","本科及以上","全职","电商 | Java | 软件开发","2018-08-09  ","大型国企，快速成长，年轻团队，扁平化管理","岗位职责：","北京-大兴区-马驹桥-亦庄开发区科创十四街20号院2号楼","2018-08-13 14:54:00"
"哈哈零兽","智能硬件产品经理","15k-25k","深圳 ","经验3-5年","本科及以上","全职","智能硬件","14:02  ","人工智能,期权激励","岗位职责：","深圳-南山区-大冲-桑达科技大厦601","2018-08-13 14:54:04"
"广发信用卡中心","机器学习高级专家","25k-45k","广州 ","经验3-5年","硕士及以上","全职","数据挖掘 | NLP | 算法 | 搜索","10:29  ","机器学习,深度学习,金融科技","工作目标：","广州-天河区-珠江新城珠江西路10号高德置地夏广场C座","2018-08-13 14:54:08"
"用友","知识图谱专家","30k-50k","北京 ","经验5-10年","本科及以上","全职","大数据","2018-07-21  ","福利好,平台大","职位描述：","北京-海淀区-西北旺-北京市海淀区北清路68号用友软件园","2018-08-13 14:54:14"
"云知声iot","AI产品经理（智能硬件）J10058","25k-40k","北京 ","经验3-5年","本科及以上","全职","智能硬件 | 智能硬件","14:39  ","年终多薪,六险一金,人工智能,紧邻地铁","工作职责:岗位职责：1、负责语音产品的功能设计和拓展。 2、对语音类产品的各项体验进行设计，能够数字量化相关指标，并进行提升。 3、建立语音类产品的相关工作流程和评估手段，提升研发效率。 4、分析市场语音产品竞品，捕捉市场需求，提出改善方向，提升产品竞争力。5、参与设计智能硬件相关产品及相关APP设计工作。任职资格:任职资格：1、3年以上互联网产品经理。2、参与过语音或人工智能相关的产品设计工作。 3、了解工业设计，人机交互的各种专业手段。 4、语音类公司产品人员优先。5、有医疗产品工作经验优先。","北京-朝阳区-太阳宫中路16号院1号楼冠捷大厦12层","2018-08-13 14:54:19"
"招商银行信用卡中心","机器学习工程师","30K-50K","上海 ","经验3-5年","本科及以上","全职","机器学习 | 深度学习 | 算法","1天前  ","福利待遇佳","工作职责：","上海-浦东新区-来安路686号","2018-08-13 14:54:22"
"银兴数立方","高级UI设计师","10k-20k","广州 ","经验1-3年","本科及以上","全职","交互 | UI","08:51  ","大数据,扁平化管理,上升空间大","岗位职责：1. 根据人工智能处理和预测分析平台的产品需求，独立完成产品的原型设计，从用户体验的角度出发，提出产品的交互设计、界面设计及操作流程方案","广州-天河区-林和-林和西路3-15号耀中广场A座3717-18","2018-08-13 14:54:25"
"江融信","前端工程师","9k-15k","广州 ","经验1-3年","大专及以上","全职","互联网金融 | 银行 | HTML | Javascript | CSS","10:38  ","六险一金,年终奖金","需要满足如下条件就能上岗：","广州-天河区-天河城-保利洛克维中景大厦","2018-08-13 14:54:30"
"腾讯无线研发部","MIG03-智能产品测试经理（...","15k-30k","深圳 ","经验5-10年","本科及以上","全职","大数据 | 测试 | 功能测试","11:11  ","大平台","岗位要求1.计算机或者相关专业，本科及以上学历，5年以上品质管理或产品开发经验，且2年以上团队管理经验；2.对软件测试质量保证、软件测试流程和方法有良好的理解和积累，在软件研发过程中熟知常用质量控制手段；3.熟练掌握至少一种编程语言，包括但不限于C/C++、Java、Python、Shell等，具备自动化测试及框架建设经验；4.具有较坚实的理论基础，有追求卓越的理想和团队合作精神，愿意学习和开辟新领域者；5.有模式识别学习经历、工作经历的优先；6.有学习研究过人工智能、机器学习、大数据分析、应用数学等优先。岗位职责1.根据组内项目情况，定制团队工作计划，按照测试计划保证测试工作的质量；2.负责测试工具和测试手段的不断完善创新，引入新的测试框架和策略，最大限度提高测试效率和质量；3.把控团队内业务情况，收集、统计和分析测试反馈，对测试方案可能出现问题进行评估改进；4.利用大数据处理分析、算法分析等测试手段解决研发过程问题，提升产品质量；5.研究AR、VR和AI相关产品的评测及性能优化方法，建设整体测试质量评估体系，包括自动化建设，并落实项目。""","深圳-南山区-科技园-大族科技中心","2018-08-13 14:54:39"
"字节跳动","头条实验室工程师-计算机视觉","25k-50k","上海 ","经验1-3年","本科及以上","全职","图像处理","11:27  ","弹性工作，免费三餐，租房补贴，带薪休假，休闲下午茶，五险一金",,"上海-徐汇区-上海市徐汇区田林路130号氪空间","2018-08-13 14:54:44"
"同花顺AI人工智能事业部","AI人工智能—运营配置","5k-8k","杭州 ","经验应届毕业生","本科及以上","全职","运营 | 金融 | 产品运营","2018-08-01  ","上市公司,人工智能,互联网金融,17薪","职位描述：","杭州-余杭区-荆长大道同顺街18号","2018-08-13 14:54:51"
"京东集团微信手Q业务部","大数据挖掘工程师（微信手Q...","15k-30k","深圳 ","经验1-3年","本科及以上","全职","电商 | 大数据 | 数据挖掘","3天前  ","商业保险,餐费补贴,班车接送,绩效奖金","岗位职责：","深圳-宝安区-翻身路-海秀路21号龙光世纪大厦B座6层","2018-08-13 14:54:55"
"第四范式交付部门","AI项目架构师","20k-35k","上海 ","经验3-5年","本科及以上","全职","Java | Hadoop","13:23  ","技术氛围好,牛人多多,弹性工作,福利多多","工作职责：","上海-浦东新区-世界广场27层","2018-08-13 14:55:01"
"美业邦","美容院店铺智能化解决方案...","30k-60k","北京 ","经验5-10年","本科及以上","全职","营销","2018-07-30  ","大咖多,奖金多,氛围好,公司靠谱","岗位职责：","北京-朝阳区-四惠-四惠伊莎文化广场","2018-08-13 14:55:05"
"招商银行信用卡中心信息技术部","机器学习工程师","30K-50K","上海 ","经验3-5年","本科及以上","全职","数据挖掘","1天前  ","福利待遇佳","工作职责：","上海-浦东新区--来安路686号","2018-08-13 14:55:08"
"Shopee开发部","数据平台高级研发工程师","30k-50k","深圳 ","经验3-5年","本科及以上","全职","大数据 | Java | 数据挖掘 | 数据分析","10:32  ","福利多,平台大,发展快","工作职责：","深圳-南山区-科技园-科苑南路中国储能大厦","2018-08-13 14:55:12"
"爱奇艺","智能硬件产品经理","20k-35k","北京 ","经验3-5年","本科及以上","全职","智能硬件","09:54  ","12天年假,发展空间大","岗位职责：1. 负责AI相关产品形态在OTT端的探索和落地，参与产品规划、需求定义、开发、测试和上线的全流程，并对产品最终效果负责2. 协调内外部资源，推进产品项目全流程的高效运转，并保证产品上线质量3. 关注竞品及数据情况，主动挖掘产品需求和业务改进点，并形成产品可行性方案工作要求：1. 本科及以上学历，3年以上互联网产品经验，至少主导过1次产品从0到1，有人工智能相关产品经验优先2. 对人工智能硬件领域有强烈的兴趣，有自己的思考和见解3. 有好奇心，思维活跃，具备创新意识，持续学习能力强4. 优秀的跨部门沟通协调能力，具有一定的项目管理经验5. 最重要的一点，极强的责任心，有独当一面的能力和欲望","北京-海淀区-中关村-海淀北一街2号爱奇艺创新大厦","2018-08-13 14:55:16"
"主线科技","市场专员","4k-8k","北京 ","经验不限","本科及以上","全职","文案/策划","10:22  ","行业前景好,薪资福利好,工作氛围好,晋升空间大","岗位职责：","北京-海淀区-互联网金融中心","2018-08-13 14:55:19"
"海知智能B端产品部","用户体验设计师（知识图谱...","15k-30k","深圳 ","经验不限","本科及以上","全职","金融 | 交互 | 用户体验","3天前  ","创新前沿,弹性工作,成长空间大",,"深圳-南山区-大冲-科兴科技园A3","2018-08-13 14:55:22"
"金山云","调度算法工程师","25k-40k","北京 ","经验1-3年","本科及以上","全职","人工智能 | 机器学习 | 算法 | 深度学习","14:29  ","免费食堂,优秀团队,周末双休,年底双薪","职责：负责CDN调度系统设计和研发  要求： 1. 熟练掌握java/Golang至少一种开发语言，有1-3年工作经验；熟悉常用Linux操作和命令，掌握1-2种脚本语言。 2. 扎实的基本数据结构和算法基础。 3. 熟悉计算机网络基础协议栈，了解DNS原理。 4. 对图论、动态规划类、自动控制类算法或者机器学习算法有深入研究，并有相关项目经验，有OI，ACM/ICPC，google编程挑战赛等算法竞赛经验者优先。 5. 对智能调度体系有浓厚兴趣，有学习热情，关注前沿技术，不断提升自己在人工智能、运筹优化等方向的能力。","北京-海淀区-西北旺-上地创新大厦","2018-08-13 14:55:27"
"中移在线服务有限公司IT系统部","系统可用性架构师（SRE）","15k-25k","郑州 ","经验3-5年","本科及以上","全职","系统架构 | 架构师","11:49  ","平台高,前景好,提升快,福利好","岗位职责：","郑州-高新区-中移在线服务有限公司","2018-08-13 14:55:33"
"云知声AI Labs","语音识别软件工程师(J10192)","15k-25k","北京 ","经验1-3年","硕士及以上","全职","C++","14:38  ","人工智能,工作居住证,年终多薪","工作职责:1. 负责语音识别引擎的功能开发以及性能优化2. 负责语音识别引擎在不同平台上的移植和优化3. 负责语音识别引擎相关工具的开发与维护，以及相关工具文档的撰写4. 负责与产品部门对接引擎输出，提供技术支持任职资格:任职资格：1. 具有 linux 下的 c/c++ 开发经验；熟练使用 python,shell,git；2. 对语音识别，人工智能，IoT 感兴趣，对工作热爱，认真负责3. 思维严谨，具备快速定位，解决问题的能力4. 有较强的编程能力和良好的代码风格，学习能力强，热爱编程5. 计算机基础知识扎实，熟悉基本数据结构和算法6. 能够积极沟通，有责任心，有团队合作精神，对技术研发感兴趣，有较强的钻研精神，动手能力强7. 有语音识别，信号处理，机器学习经验者优先","北京-朝阳区-太阳宫中路16号院1号楼冠捷大厦12层","2018-08-13 14:55:36"
"Face++SNU","高级测试开发工程师","20k-35k","北京 ","经验5-10年","本科及以上","全职","测试 | 软件测试","14:36  ","大牛多,挑战大","工作职责:1. 根据产品特点，开发合适测试工具或自动化方案，提高测试效率。2. 参与测试平台设计和搭建和安防产品Benchmark建立。3. 设计执行测试用例，跟踪产品缺陷或问题。4. 与PM，开发和交付人员沟通产品设计和架构定位项目问题。任职资格:1. 985/211院校统招本科以上学历。2. 4年以上测试开发工作经验。3. 具有设计和开发测试工具和测试平台经验。4. 精通Python/Perl/Shell，有一定C++开发经验5. 熟悉jenkins/git，熟悉CICD常用方法和工具6. 有一定数据统计分析和建模能力，和复杂分布式系统测试经验。7. 热爱人工智能行业应用和测试技术，具有快速学习能力。8. 有人工智能算法测试背景优先。","北京-海淀区-北京市海淀区融科资讯中心A座3层","2018-08-13 14:55:41"
"字节跳动","头条实验室科学家-计算机视觉","25k-50k","上海 ","经验3-5年","本科及以上","全职","图像处理","11:27  ","弹性工作，免费三餐，租房补贴，带薪休假，休闲下午茶，扁平管理，团队氛围好，五险一金",,"上海-徐汇区-上海市徐汇区田林路130号氪空间","2018-08-13 14:55:55"
"第四范式交付部门","AI项目研发工程师","20k-35k","上海 ","经验3-5年","本科及以上","全职","Java | Hadoop","13:23  ","技术氛围好,牛人多多,福利多多,弹性工作","工作职责：","上海-浦东新区-世界广场27层","2018-08-13 14:55:59"
"同花顺AI人工智能事业部","AI人工智能—NLP算法工程师","18k-36k","杭州 ","经验应届毕业生","博士及以上","全职","人工智能 | NLP | 算法","3天前  ","人工智能,技术俱乐部,免费中晚餐,17薪","国内第一家互联网金融信息服务行业上市公司、2009年深交所上市、目前公司员工3000人+、齐全的产业线（2B、2C均有涉及）、注册用户3.1亿+、月活量3000万+；","杭州-余杭区-荆长大道同顺街18号","2018-08-13 14:56:04"
"京东集团","技术解决方案","15k-25k","北京 ","经验5-10年","本科及以上","全职","电商 | 解决方案","2018-08-08  ","大平台,核心产品","岗位职责：","北京-大兴区-亦庄经济技术开发区朝林广场A座","2018-08-13 14:56:08"
"腾讯智能创新业务部","20718-智能硬件后台开发（...","18k-36k","深圳 ","经验3-5年","本科及以上","全职","智能硬件 | C++ | 音视频 | 算法","11:11  ","智能硬件,AI,大空间,新领域","岗位职责:","深圳-南山区-科技园-大族科技中心","2018-08-13 14:56:12"
"海知智能B端产品部","用户体验设计师（知识图谱...","15k-30k","上海 ","经验不限","本科及以上","全职","金融 | 交互 | 用户体验","3天前  ","创新前沿,弹性工作,成长空间大",,"上海-浦东新区-张江-盛夏路570号","2018-08-13 14:56:19"
"金山云云计算产品中心","异构计算产品经理","15k-30k","北京 ","经验5-10年","本科及以上","全职","云计算","14:29  ","免费三餐,免费班车,下午茶,节日福利","工作职责：","北京-海淀区-小营西路33号金山软件大厦","2018-08-13 14:56:24"
"中移在线服务有限公司IT系统部","产品经理","12k-20k","郑州 ","经验3-5年","本科及以上","全职","智能硬件 | 智能硬件","11:49  ","平台高,前景好,提升快,福利好","岗位职责：","郑州-高新区-中移在线服务有限公司","2018-08-13 14:56:31"
"京东金融","商务拓展经理-政务方向","10k-20k","宿迁 ","经验5-10年","本科及以上","全职","大数据 | 金融 | 商务拓展","11:55  ","班车,餐补","职责描述：","宿迁-宿豫区-江苏省宿迁市宿豫区洪泽湖东路1号","2018-08-13 14:56:35"
"图灵机器人","安卓前端开发工程师","20k-30k","北京 ","经验3-5年","本科及以上","全职","移动端 | 前端开发 | Android","11:08  ","人工智能,发展空间,团队氛围,福利多多","岗位职责：","北京-海淀区-上地-农大南路1号硅谷亮城5号楼6层","2018-08-13 14:56:39"
"达观数据","AI解决方案顾问","18k-30k","上海 ","经验5-10年","本科及以上","全职","项目管理 | 解决方案","12:12  ","人工智能,14薪,项目奖金,12天年假","1、AI解决方案咨询：结合公司已有的标杆客户案例，输出具有通用价值的AI项目解决方案2、深入了解客户具体的业务需求，对客户AI应用成熟度做评估，设计具体的解决方案3、AI解决方案实施指导：针对具体的业务问题，指导客户和公司工程师完成解决方案的研发落地4、面向客户和行业行业上下游相关人士进行现场或远程培训","上海-浦东新区-亮秀路112号Y1座515室","2018-08-13 14:56:42"
"UCloudUCloud事业部","硬件研发工程师","20k-40k","上海 ","经验3-5年","大专及以上","全职","硬件开发","11:21  ","六险一金,领导好,独角兽公司,弹性工作","岗位职责：","上海-杨浦区-上海市杨浦区隆昌路619号10号楼B座","2018-08-13 14:56:46"
"运满满线上拓展","业务拓展专员","4K-7K","南京 ","经验不限","大专及以上","全职","市场 | 营销 | 市场拓展","10:14  ","独角兽企业，人才培养，晋升体系","运满满成立于2013年，隶属于江苏满运软件科技有限公司，是国内首家基于云计算、大数据、移动互联网和人工智能技术开发的货运调度平台。目前，平台注册重卡司机400余万、货主100余万，日成交运单25万单，日撮合交易额约17亿元，已经成为全球最大整车运力调度平台和最大智慧物流信息平台。 ","南京-雨花台区--软件大道170-1号天溯科技园4号楼6F","2018-08-13 14:56:53"
"云天励飞研发部","RTL验证工程师","25k-40k","深圳 ","经验3-5年","硕士及以上","全职","硬件制造 | 射频 | 电路设计 | 硬件开发","09:48  ","年度旅游,团队大牛,生日惊喜","岗位职责：1、人工智能SOC芯片硬件加速单元RTL验证；2、SOC芯片系统级RTL验证。任职要求：1、微电子、电子工程、通讯工程专业硕士以上学历；2、3年以上RTL验证经验 ；3、熟悉UVM验证方法学，熟悉UVM验证平台搭建","深圳-福田区-上步-上步中路1003号科学馆7层","2018-08-13 14:56:58"
"天润融通","Java研发（云客服平台）","15k-30k","北京 ","经验3-5年","本科及以上","全职","Java | 系统架构","09:14  ","三板上市,班车接送,扁平化管理,五险一金","职位描述：","北京-海淀区-中关村-1+1大厦","2018-08-13 14:57:04"
"乐视","（高级）自然语义理解工程师...","15k-30k","北京 ","经验3-5年","本科及以上","全职","人工智能 | 机器学习 | 语音识别 | 算法","3天前  ","人工智能方向，算法，语音识别","职位描述：","北京-朝阳区-朝阳公园-北京市朝阳区姚家园路105号乐视大厦✉","2018-08-13 14:57:34"
